user_id,month,intervention_category,cate,predicted_outcome_control,predicted_outcome_treatment,recommended_action
4,2026-09-01,LIQUIDITY_PROTECTION,-0.08063536883653277,0.33629953811902985,0.2556641692824971,LIQUIDITY_PROTECTION
32,2026-09-01,LIQUIDITY_PROTECTION,-0.2307896669991552,0.3431349617901807,0.11234529479102551,LIQUIDITY_PROTECTION
53,2026-09-01,LIQUIDITY_PROTECTION,-0.24507534623116367,0.3704220278749098,0.12534668164374613,LIQUIDITY_PROTECTION
58,2026-09-01,LIQUIDITY_PROTECTION,0.1029718269728546,0.12073880714544875,0.22371063411830336,NO_SIMULATED_BENEFIT
68,2026-09-01,LIQUIDITY_PROTECTION,-0.24997147659577307,0.3705107793318688,0.12053930273609574,LIQUIDITY_PROTECTION
84,2026-09-01,LIQUIDITY_PROTECTION,-0.26784788924007097,0.37125130519236854,0.1034034159522976,LIQUIDITY_PROTECTION
92,2026-09-01,LIQUIDITY_PROTECTION,-0.11847441510133457,0.2356163428953017,0.11714192779396713,LIQUIDITY_PROTECTION
96,2026-09-01,LIQUIDITY_PROTECTION,0.1221192485328412,0.11982802550910565,0.24194727404194685,NO_SIMULATED_BENEFIT
115,2026-09-01,LIQUIDITY_PROTECTION,0.2250987773828969,0.09981794048143137,0.3249167178643283,NO_SIMULATED_BENEFIT
123,2026-09-01,LIQUIDITY_PROTECTION,0.015696387824817526,0.21758010577725154,0.23327649360206906,NO_SIMULATED_BENEFIT
136,2026-09-01,LIQUIDITY_PROTECTION,0.029434996041604378,0.20450547753000728,0.23394047357161166,NO_SIMULATED_BENEFIT
169,2026-09-01,LIQUIDITY_PROTECTION,0.2024313962673388,0.09487216218565309,0.2973035584529919,NO_SIMULATED_BENEFIT
178,2026-09-01,LIQUIDITY_PROTECTION,-0.05474387460859792,0.3796237675774448,0.3248798929688469,LIQUIDITY_PROTECTION
195,2026-09-01,LIQUIDITY_PROTECTION,-0.052280150941717785,0.11486372991635764,0.06258357897463986,LIQUIDITY_PROTECTION
200,2026-09-01,LIQUIDITY_PROTECTION,0.05997158100819136,0.21862797833015843,0.2785995593383498,NO_SIMULATED_BENEFIT
229,2026-09-01,LIQUIDITY_PROTECTION,-0.06109570684700158,0.26383231716754424,0.20273661032054266,LIQUIDITY_PROTECTION
237,2026-09-01,LIQUIDITY_PROTECTION,-0.13951363826506458,0.35567953061473107,0.2161658923496665,LIQUIDITY_PROTECTION
260,2026-09-01,LIQUIDITY_PROTECTION,-0.051123696635102314,0.12233536368725031,0.071211667052148,LIQUIDITY_PROTECTION
279,2026-09-01,LIQUIDITY_PROTECTION,-0.09126232511612081,0.34394931090041986,0.25268698578429905,LIQUIDITY_PROTECTION
318,2026-09-01,LIQUIDITY_PROTECTION,-0.131077625169769,0.23888068258619635,0.10780305741642733,LIQUIDITY_PROTECTION
319,2026-09-01,LIQUIDITY_PROTECTION,0.058391828967780446,0.11715055701944119,0.17554238598722163,NO_SIMULATED_BENEFIT
341,2026-09-01,LIQUIDITY_PROTECTION,-0.05529737429018443,0.11992781986243682,0.06463044557225239,LIQUIDITY_PROTECTION
352,2026-09-01,LIQUIDITY_PROTECTION,-0.031154170619038635,0.2371943984887063,0.20604022786966766,LIQUIDITY_PROTECTION
357,2026-09-01,LIQUIDITY_PROTECTION,-0.09342927272117627,0.23566603077433185,0.14223675805315558,LIQUIDITY_PROTECTION
358,2026-09-01,LIQUIDITY_PROTECTION,-0.24596173821529504,0.37412016778047524,0.1281584295651802,LIQUIDITY_PROTECTION
361,2026-09-01,LIQUIDITY_PROTECTION,-0.11101955803129857,0.2270221420772263,0.11600258404592773,LIQUIDITY_PROTECTION
362,2026-09-01,LIQUIDITY_PROTECTION,-0.019158363901988995,0.31131562242131045,0.29215725851932145,LIQUIDITY_PROTECTION
372,2026-09-01,LIQUIDITY_PROTECTION,0.1501989623296263,0.12771953412346757,0.27791849645309386,NO_SIMULATED_BENEFIT
391,2026-09-01,LIQUIDITY_PROTECTION,-0.12086223442871752,0.23541991208111968,0.11455767765240216,LIQUIDITY_PROTECTION
412,2026-09-01,LIQUIDITY_PROTECTION,-0.04886249414471287,0.12419477285094382,0.07533227870623095,LIQUIDITY_PROTECTION
416,2026-09-01,LIQUIDITY_PROTECTION,-0.12935546711194787,0.3685850160151069,0.23922954890315903,LIQUIDITY_PROTECTION
428,2026-09-01,LIQUIDITY_PROTECTION,-0.03038638519818071,0.34405572522161276,0.31366934002343205,LIQUIDITY_PROTECTION
430,2026-09-01,LIQUIDITY_PROTECTION,0.08386799585140456,0.10170360820581897,0.18557160405722353,NO_SIMULATED_BENEFIT
487,2026-09-01,LIQUIDITY_PROTECTION,0.16228575215413912,0.11809087886591288,0.280376631020052,NO_SIMULATED_BENEFIT
494,2026-09-01,LIQUIDITY_PROTECTION,-0.042437804239665006,0.2564281168292821,0.21399031258961712,LIQUIDITY_PROTECTION
505,2026-09-01,LIQUIDITY_PROTECTION,-0.0709454228760356,0.13384248910621302,0.06289706623017742,LIQUIDITY_PROTECTION
507,2026-09-01,LIQUIDITY_PROTECTION,0.11905705554443172,0.19964474581740202,0.31870180136183374,NO_SIMULATED_BENEFIT
515,2026-09-01,LIQUIDITY_PROTECTION,0.037118153573339835,0.19029411086015216,0.227412264433492,NO_SIMULATED_BENEFIT
536,2026-09-01,LIQUIDITY_PROTECTION,-0.18377404505070333,0.2514493899265507,0.06767534487584737,LIQUIDITY_PROTECTION
540,2026-09-01,LIQUIDITY_PROTECTION,-0.05419315637167493,0.2545227818896222,0.20032962551794725,LIQUIDITY_PROTECTION
560,2026-09-01,LIQUIDITY_PROTECTION,-0.02401562850339367,0.2423812460036469,0.21836561750025324,LIQUIDITY_PROTECTION
568,2026-09-01,LIQUIDITY_PROTECTION,0.13669932766830356,0.10004721732599006,0.23674654499429362,NO_SIMULATED_BENEFIT
576,2026-09-01,LIQUIDITY_PROTECTION,-0.14502226297534804,0.2858782949605843,0.14085603198523627,LIQUIDITY_PROTECTION
586,2026-09-01,LIQUIDITY_PROTECTION,0.01796752364970214,0.12981710631246637,0.1477846299621685,NO_SIMULATED_BENEFIT
595,2026-09-01,LIQUIDITY_PROTECTION,0.07971390144282567,0.20315832040615048,0.28287222184897615,NO_SIMULATED_BENEFIT
615,2026-09-01,LIQUIDITY_PROTECTION,-0.1090411972252758,0.2749153215042763,0.16587412427900047,LIQUIDITY_PROTECTION
620,2026-09-01,LIQUIDITY_PROTECTION,0.156021672963543,0.12833997621114732,0.2843616491746903,NO_SIMULATED_BENEFIT
628,2026-09-01,LIQUIDITY_PROTECTION,-0.08199232440578555,0.1169443803677845,0.03495205596199895,LIQUIDITY_PROTECTION
660,2026-09-01,LIQUIDITY_PROTECTION,0.10738217228546734,0.08553672653452077,0.1929188988199881,NO_SIMULATED_BENEFIT
676,2026-09-01,LIQUIDITY_PROTECTION,0.1113642426045151,0.10170360820581897,0.21306785081033408,NO_SIMULATED_BENEFIT
681,2026-09-01,LIQUIDITY_PROTECTION,-0.14826984473103344,0.24632631311952044,0.09805646838848701,LIQUIDITY_PROTECTION
687,2026-09-01,LIQUIDITY_PROTECTION,-0.07448504157928082,0.12573095524801264,0.05124591366873183,LIQUIDITY_PROTECTION
692,2026-09-01,LIQUIDITY_PROTECTION,-0.2709402366595227,0.3852882864214314,0.11434804976190872,LIQUIDITY_PROTECTION
696,2026-09-01,LIQUIDITY_PROTECTION,-0.23401662612135302,0.27530242618412504,0.041285800062772014,LIQUIDITY_PROTECTION
703,2026-09-01,LIQUIDITY_PROTECTION,0.006653891569865539,0.22907798929258352,0.23573188086244906,NO_SIMULATED_BENEFIT
727,2026-09-01,LIQUIDITY_PROTECTION,-0.20248280683722808,0.3551373686457003,0.1526545618084722,LIQUIDITY_PROTECTION
729,2026-09-01,LIQUIDITY_PROTECTION,0.1303848698034031,0.1862499971916323,0.3166348669950354,NO_SIMULATED_BENEFIT
738,2026-09-01,LIQUIDITY_PROTECTION,0.02091210665183088,0.23180846059486135,0.25272056724669223,NO_SIMULATED_BENEFIT
744,2026-09-01,LIQUIDITY_PROTECTION,-0.07189566604494696,0.12233536368725031,0.05043969764230336,LIQUIDITY_PROTECTION
750,2026-09-01,LIQUIDITY_PROTECTION,0.18292961658137363,0.10856317311967305,0.2914927897010467,NO_SIMULATED_BENEFIT
754,2026-09-01,LIQUIDITY_PROTECTION,0.03141338271233718,0.2554537384402339,0.28686712115257107,NO_SIMULATED_BENEFIT
801,2026-09-01,LIQUIDITY_PROTECTION,0.13664048868169898,0.08977243955166496,0.22641292823336395,NO_SIMULATED_BENEFIT
824,2026-09-01,LIQUIDITY_PROTECTION,0.09298556076099954,0.24697406737951402,0.33995962814051356,NO_SIMULATED_BENEFIT
827,2026-09-01,LIQUIDITY_PROTECTION,-0.022051602288496286,0.24826450646150158,0.2262129041730053,LIQUIDITY_PROTECTION
848,2026-09-01,LIQUIDITY_PROTECTION,-0.028214102388294027,0.18902284159590493,0.1608087392076109,LIQUIDITY_PROTECTION
891,2026-09-01,LIQUIDITY_PROTECTION,0.012503951035842648,0.13039947368397958,0.14290342471982223,NO_SIMULATED_BENEFIT
918,2026-09-01,LIQUIDITY_PROTECTION,-0.07746757937214221,0.3268661829685493,0.2493986035964071,LIQUIDITY_PROTECTION
923,2026-09-01,LIQUIDITY_PROTECTION,0.17809486495109875,0.20291627885279964,0.3810111438038984,NO_SIMULATED_BENEFIT
930,2026-09-01,LIQUIDITY_PROTECTION,0.05661305670900303,0.1031619415391523,0.15977499824815533,NO_SIMULATED_BENEFIT
937,2026-09-01,LIQUIDITY_PROTECTION,0.17032620882845007,0.19842114558780533,0.3687473544162554,NO_SIMULATED_BENEFIT
938,2026-09-01,LIQUIDITY_PROTECTION,0.15620917247199115,0.23806385434319574,0.3942730268151869,NO_SIMULATED_BENEFIT
940,2026-09-01,LIQUIDITY_PROTECTION,-0.003059336513793809,0.10216716197293504,0.09910782545914124,LIQUIDITY_PROTECTION
942,2026-09-01,LIQUIDITY_PROTECTION,0.06603585044645197,0.20636354769661389,0.27239939814306585,NO_SIMULATED_BENEFIT
948,2026-09-01,LIQUIDITY_PROTECTION,-0.07287484356664559,0.13750528913889798,0.06463044557225239,LIQUIDITY_PROTECTION
953,2026-09-01,LIQUIDITY_PROTECTION,-0.025663739641214933,0.351660110715454,0.32599637107423907,LIQUIDITY_PROTECTION
962,2026-09-01,LIQUIDITY_PROTECTION,0.20550321137447813,0.11464869167503537,0.3201519030495135,NO_SIMULATED_BENEFIT
965,2026-09-01,LIQUIDITY_PROTECTION,0.061718080613149984,0.13721969125915662,0.1989377718723066,NO_SIMULATED_BENEFIT
967,2026-09-01,LIQUIDITY_PROTECTION,-0.0689217610393089,0.1919909493176819,0.123069188278373,LIQUIDITY_PROTECTION
977,2026-09-01,LIQUIDITY_PROTECTION,0.11684629970987745,0.23109369019399476,0.3479399899038722,NO_SIMULATED_BENEFIT
990,2026-09-01,LIQUIDITY_PROTECTION,-0.02429958908684074,0.2369376686847131,0.21263807959787237,LIQUIDITY_PROTECTION
993,2026-09-01,LIQUIDITY_PROTECTION,0.2608555812631643,0.11744591686459013,0.37830149812775443,NO_SIMULATED_BENEFIT
997,2026-09-01,LIQUIDITY_PROTECTION,0.07450318727216182,0.25412561703036224,0.32862880430252406,NO_SIMULATED_BENEFIT
9,2026-09-01,OBLIGATION_MANAGEMENT,-0.3863593712710318,0.5563477061766301,0.16998833490559825,OBLIGATION_MANAGEMENT
20,2026-09-01,OBLIGATION_MANAGEMENT,-0.13950558871426783,0.30121858127875456,0.16171299256448673,OBLIGATION_MANAGEMENT
31,2026-09-01,OBLIGATION_MANAGEMENT,-0.2085461523530044,0.4772546003345309,0.2687084479815265,OBLIGATION_MANAGEMENT
44,2026-09-01,OBLIGATION_MANAGEMENT,0.027731842462065087,0.1886463132376716,0.21637815569973667,NO_SIMULATED_BENEFIT
50,2026-09-01,OBLIGATION_MANAGEMENT,-0.2546802132657019,0.4108481857196549,0.15616797245395303,OBLIGATION_MANAGEMENT
75,2026-09-01,OBLIGATION_MANAGEMENT,-0.05560354399692147,0.23443936080919547,0.178835816812274,OBLIGATION_MANAGEMENT
90,2026-09-01,OBLIGATION_MANAGEMENT,-0.20152552192746634,0.4219270836879964,0.22040156176053008,OBLIGATION_MANAGEMENT
95,2026-09-01,OBLIGATION_MANAGEMENT,-0.23493552835629525,0.4685171200280607,0.23358159167176543,OBLIGATION_MANAGEMENT
101,2026-09-01,OBLIGATION_MANAGEMENT,-0.2585646179614448,0.4843574949392156,0.2257928769777708,OBLIGATION_MANAGEMENT
133,2026-09-01,OBLIGATION_MANAGEMENT,-0.004653049665420045,0.22658405093171902,0.22193100126629897,OBLIGATION_MANAGEMENT
180,2026-09-01,OBLIGATION_MANAGEMENT,0.06921679859540616,0.1662706536248535,0.23548745222025966,NO_SIMULATED_BENEFIT
184,2026-09-01,OBLIGATION_MANAGEMENT,-0.25380592788891077,0.4858766964728641,0.23207076858395334,OBLIGATION_MANAGEMENT
191,2026-09-01,OBLIGATION_MANAGEMENT,-0.2081587235780962,0.3496813001035634,0.1415225765254672,OBLIGATION_MANAGEMENT
194,2026-09-01,OBLIGATION_MANAGEMENT,0.026690508512466377,0.19782504913001295,0.22451555764247932,NO_SIMULATED_BENEFIT
204,2026-09-01,OBLIGATION_MANAGEMENT,-0.22966310800071782,0.42401843295325636,0.19435532495253854,OBLIGATION_MANAGEMENT
213,2026-09-01,OBLIGATION_MANAGEMENT,-0.29629926669764167,0.38241927740402004,0.08612001070637837,OBLIGATION_MANAGEMENT
220,2026-09-01,OBLIGATION_MANAGEMENT,-0.4054578261944686,0.5604549913992055,0.15499716520473691,OBLIGATION_MANAGEMENT
225,2026-09-01,OBLIGATION_MANAGEMENT,0.11786910501006928,0.18750100746359336,0.30537011247366264,NO_SIMULATED_BENEFIT
262,2026-09-01,OBLIGATION_MANAGEMENT,-0.3708733717139864,0.5068666918720394,0.13599332015805296,OBLIGATION_MANAGEMENT
267,2026-09-01,OBLIGATION_MANAGEMENT,-0.07971678763671672,0.25921858332585934,0.17950179568914262,OBLIGATION_MANAGEMENT
280,2026-09-01,OBLIGATION_MANAGEMENT,-0.24287976970943423,0.3986583729513636,0.15577860324192935,OBLIGATION_MANAGEMENT
295,2026-09-01,OBLIGATION_MANAGEMENT,0.14264356694292066,0.19722227236713383,0.3398658393100545,NO_SIMULATED_BENEFIT
313,2026-09-01,OBLIGATION_MANAGEMENT,-0.07157878636982534,0.3341406147323066,0.26256182836248126,OBLIGATION_MANAGEMENT
332,2026-09-01,OBLIGATION_MANAGEMENT,-0.1261448074512151,0.28383188931275855,0.15768708186154345,OBLIGATION_MANAGEMENT
338,2026-09-01,OBLIGATION_MANAGEMENT,-0.3711681858471469,0.5408755793014712,0.16970739345432434,OBLIGATION_MANAGEMENT
395,2026-09-01,OBLIGATION_MANAGEMENT,-0.06127472928862435,0.24231816497467354,0.1810434356860492,OBLIGATION_MANAGEMENT
401,2026-09-01,OBLIGATION_MANAGEMENT,-0.18440988231165167,0.3067950295810128,0.1223851472693611,OBLIGATION_MANAGEMENT
403,2026-09-01,OBLIGATION_MANAGEMENT,-0.2984895369408766,0.43287823094966416,0.13438869400878756,OBLIGATION_MANAGEMENT
407,2026-09-01,OBLIGATION_MANAGEMENT,-0.26835717968547795,0.368326425531016,0.09996924584553808,OBLIGATION_MANAGEMENT
408,2026-09-01,OBLIGATION_MANAGEMENT,-0.05246079658303063,0.19594767905588692,0.1434868824728563,OBLIGATION_MANAGEMENT
433,2026-09-01,OBLIGATION_MANAGEMENT,-0.17220330277986484,0.44324715479166005,0.2710438520117952,OBLIGATION_MANAGEMENT
440,2026-09-01,OBLIGATION_MANAGEMENT,-0.16736181098805314,0.2902086935665954,0.12284688257854227,OBLIGATION_MANAGEMENT
454,2026-09-01,OBLIGATION_MANAGEMENT,-0.0710359336141545,0.3416154908291236,0.2705795572149691,OBLIGATION_MANAGEMENT
476,2026-09-01,OBLIGATION_MANAGEMENT,-0.09708356659095024,0.315118433522526,0.21803486693157575,OBLIGATION_MANAGEMENT
480,2026-09-01,OBLIGATION_MANAGEMENT,-0.11424508381718679,0.33215676952345796,0.21791168570627117,OBLIGATION_MANAGEMENT
495,2026-09-01,OBLIGATION_MANAGEMENT,-0.1859290184067244,0.3035755730591782,0.1176465546524538,OBLIGATION_MANAGEMENT
496,2026-09-01,OBLIGATION_MANAGEMENT,-0.29448595304876135,0.46301349582064727,0.1685275427718859,OBLIGATION_MANAGEMENT
497,2026-09-01,OBLIGATION_MANAGEMENT,-0.08187675137625716,0.34091017809297225,0.2590334267167151,OBLIGATION_MANAGEMENT
500,2026-09-01,OBLIGATION_MANAGEMENT,-0.45080383333008855,0.6072750199382586,0.15647118660817008,OBLIGATION_MANAGEMENT
511,2026-09-01,OBLIGATION_MANAGEMENT,0.0029580004131856685,0.27829736107371444,0.2812553614869001,NO_SIMULATED_BENEFIT
513,2026-09-01,OBLIGATION_MANAGEMENT,-0.19939079533148402,0.3014536100462708,0.10206281471478677,OBLIGATION_MANAGEMENT
551,2026-09-01,OBLIGATION_MANAGEMENT,-0.16922168501234025,0.2998187122228517,0.13059702721051147,OBLIGATION_MANAGEMENT
561,2026-09-01,OBLIGATION_MANAGEMENT,-0.00891743842585524,0.27048691890424675,0.2615694804783915,OBLIGATION_MANAGEMENT
578,2026-09-01,OBLIGATION_MANAGEMENT,-0.040269203859536,0.2867496494957463,0.24648044563621027,OBLIGATION_MANAGEMENT
580,2026-09-01,OBLIGATION_MANAGEMENT,-0.07753290431867663,0.3169563664933706,0.23942346217469399,OBLIGATION_MANAGEMENT
601,2026-09-01,OBLIGATION_MANAGEMENT,-0.050415270845127064,0.21854103770762498,0.16812576686249792,OBLIGATION_MANAGEMENT
611,2026-09-01,OBLIGATION_MANAGEMENT,-0.3286353688771209,0.47369693114289646,0.14506156226577555,OBLIGATION_MANAGEMENT
677,2026-09-01,OBLIGATION_MANAGEMENT,-0.23402125360393677,0.3535329479877102,0.11951169438377339,OBLIGATION_MANAGEMENT
697,2026-09-01,OBLIGATION_MANAGEMENT,-0.13522593845197534,0.2500400567850464,0.11481411833307109,OBLIGATION_MANAGEMENT
711,2026-09-01,OBLIGATION_MANAGEMENT,-0.24046516250036273,0.4423939138017079,0.20192875130134516,OBLIGATION_MANAGEMENT
717,2026-09-01,OBLIGATION_MANAGEMENT,-0.15631683038685046,0.3759138990126007,0.21959706862575024,OBLIGATION_MANAGEMENT
728,2026-09-01,OBLIGATION_MANAGEMENT,-0.045563328608395404,0.24537165374148173,0.19980832513308633,OBLIGATION_MANAGEMENT
739,2026-09-01,OBLIGATION_MANAGEMENT,-0.21663243186720132,0.4332517573457441,0.2166193254785428,OBLIGATION_MANAGEMENT
741,2026-09-01,OBLIGATION_MANAGEMENT,-0.01703984943816375,0.19240390206915,0.17536405263098626,OBLIGATION_MANAGEMENT
746,2026-09-01,OBLIGATION_MANAGEMENT,0.004633813860792202,0.24586016993505933,0.2504939837958515,NO_SIMULATED_BENEFIT
764,2026-09-01,OBLIGATION_MANAGEMENT,-0.24313012736753503,0.44745945590070996,0.20432932853317493,OBLIGATION_MANAGEMENT
778,2026-09-01,OBLIGATION_MANAGEMENT,-0.365552674680081,0.43440409731382296,0.06885142263374193,OBLIGATION_MANAGEMENT
788,2026-09-01,OBLIGATION_MANAGEMENT,-0.11681244358036011,0.36385200244172894,0.24703955886136883,OBLIGATION_MANAGEMENT
796,2026-09-01,OBLIGATION_MANAGEMENT,-0.2618379661095104,0.43918942147824935,0.177351455368739,OBLIGATION_MANAGEMENT
806,2026-09-01,OBLIGATION_MANAGEMENT,-0.4256900231052508,0.5785175481539496,0.15282752504869884,OBLIGATION_MANAGEMENT
847,2026-09-01,OBLIGATION_MANAGEMENT,0.10253483908094199,0.19837851970733597,0.30091335878827796,NO_SIMULATED_BENEFIT
854,2026-09-01,OBLIGATION_MANAGEMENT,-0.15546490091124668,0.3745003889633252,0.21903548805207854,OBLIGATION_MANAGEMENT
856,2026-09-01,OBLIGATION_MANAGEMENT,-0.15375648776934658,0.37144986328887303,0.21769337551952644,OBLIGATION_MANAGEMENT
869,2026-09-01,OBLIGATION_MANAGEMENT,-0.30417613773569874,0.4203168484208198,0.11614071068512108,OBLIGATION_MANAGEMENT
873,2026-09-01,OBLIGATION_MANAGEMENT,-0.24755735055739134,0.4462940413069035,0.19873669074951214,OBLIGATION_MANAGEMENT
879,2026-09-01,OBLIGATION_MANAGEMENT,-0.016483514621437073,0.20457183690697978,0.1880883222855427,OBLIGATION_MANAGEMENT
887,2026-09-01,OBLIGATION_MANAGEMENT,-0.1763645376032815,0.4027077419148362,0.22634320431155472,OBLIGATION_MANAGEMENT
901,2026-09-01,OBLIGATION_MANAGEMENT,-0.29858890153372275,0.44157652301682476,0.142987621483102,OBLIGATION_MANAGEMENT
905,2026-09-01,OBLIGATION_MANAGEMENT,-0.07077211198337902,0.26065632917769516,0.18988421719431614,OBLIGATION_MANAGEMENT
939,2026-09-01,OBLIGATION_MANAGEMENT,-0.15242701337837997,0.3309675000108205,0.17854048663244051,OBLIGATION_MANAGEMENT
946,2026-09-01,OBLIGATION_MANAGEMENT,-0.2903690050327723,0.4729296599304141,0.18256065489764176,OBLIGATION_MANAGEMENT
955,2026-09-01,OBLIGATION_MANAGEMENT,-0.11175334848529453,0.2520809588158662,0.14032761033057164,OBLIGATION_MANAGEMENT
956,2026-09-01,OBLIGATION_MANAGEMENT,-0.2911911270986487,0.47864896283602065,0.18745783573737196,OBLIGATION_MANAGEMENT
971,2026-09-01,OBLIGATION_MANAGEMENT,-0.0618992933382658,0.23366108162002983,0.17176178828176403,OBLIGATION_MANAGEMENT
975,2026-09-01,OBLIGATION_MANAGEMENT,-0.0759897427194039,0.2988413798801473,0.2228516371607434,OBLIGATION_MANAGEMENT
986,2026-09-01,OBLIGATION_MANAGEMENT,-0.2595745679514796,0.3947934999922281,0.13521893204074856,OBLIGATION_MANAGEMENT
989,2026-09-01,OBLIGATION_MANAGEMENT,0.04141482425109422,0.14904041902320284,0.19045524327429705,NO_SIMULATED_BENEFIT
7,2026-09-01,SPENDING_CONTROL,-0.03811345544986067,0.41014979210632263,0.37203633665646196,SPENDING_CONTROL
12,2026-09-01,SPENDING_CONTROL,0.07194139519275852,0.1618570753581981,0.23379847055095662,NO_SIMULATED_BENEFIT
14,2026-09-01,SPENDING_CONTROL,0.014206984204169562,0.07497075158505542,0.08917773578922499,NO_SIMULATED_BENEFIT
25,2026-09-01,SPENDING_CONTROL,0.11397500408809405,0.1033698764886791,0.21734488057677315,NO_SIMULATED_BENEFIT
27,2026-09-01,SPENDING_CONTROL,0.0766952635049088,0.2831002046285554,0.3597954681334642,NO_SIMULATED_BENEFIT
28,2026-09-01,SPENDING_CONTROL,0.04189338853130414,0.167533021157912,0.20942640968921614,NO_SIMULATED_BENEFIT
39,2026-09-01,SPENDING_CONTROL,-0.021997330367240137,0.08932368056416051,0.06732635019692038,SPENDING_CONTROL
43,2026-09-01,SPENDING_CONTROL,0.16135521890885518,0.0843107037004383,0.24566592260929349,NO_SIMULATED_BENEFIT
45,2026-09-01,SPENDING_CONTROL,0.2155230163563569,0.20156380932212697,0.4170868256784839,NO_SIMULATED_BENEFIT
46,2026-09-01,SPENDING_CONTROL,-0.00021399173383086778,0.0629136975497338,0.06269970581590294,SPENDING_CONTROL
49,2026-09-01,SPENDING_CONTROL,-0.21459074731018873,0.2359487780415714,0.021358030731382663,SPENDING_CONTROL
52,2026-09-01,SPENDING_CONTROL,-0.0004955438863267769,0.3392249884217115,0.3387294445353847,SPENDING_CONTROL
63,2026-09-01,SPENDING_CONTROL,-0.0397197563379494,0.10776953477223697,0.06804977843428757,SPENDING_CONTROL
71,2026-09-01,SPENDING_CONTROL,-0.24225296820295547,0.3003227025753024,0.05806973437234694,SPENDING_CONTROL
72,2026-09-01,SPENDING_CONTROL,-0.21382338652609909,0.30112418378799544,0.08730079726189635,SPENDING_CONTROL
74,2026-09-01,SPENDING_CONTROL,0.021710965853370096,0.13190705084298174,0.15361801669635183,NO_SIMULATED_BENEFIT
108,2026-09-01,SPENDING_CONTROL,-0.18022822255945725,0.2588085302851164,0.07858030772565916,SPENDING_CONTROL
114,2026-09-01,SPENDING_CONTROL,-0.005021381750801225,0.061327771010374704,0.05630638925957348,SPENDING_CONTROL
119,2026-09-01,SPENDING_CONTROL,-0.2341577448966384,0.3307599672854,0.09660222238876162,SPENDING_CONTROL
134,2026-09-01,SPENDING_CONTROL,-0.26385884463458353,0.3604290188035463,0.09657017416896271,SPENDING_CONTROL
148,2026-09-01,SPENDING_CONTROL,-0.13375076690700136,0.37520210682514626,0.2414513399181449,SPENDING_CONTROL
151,2026-09-01,SPENDING_CONTROL,-0.037268676261649716,0.10770628854799576,0.07043761228634604,SPENDING_CONTROL
153,2026-09-01,SPENDING_CONTROL,0.04025269452157321,0.29273443341601957,0.3329871279375928,NO_SIMULATED_BENEFIT
160,2026-09-01,SPENDING_CONTROL,-0.14085715634399482,0.16836942782373587,0.027512271479741054,SPENDING_CONTROL
164,2026-09-01,SPENDING_CONTROL,0.11477297102091585,0.1433778153416478,0.25815078636256367,NO_SIMULATED_BENEFIT
165,2026-09-01,SPENDING_CONTROL,-0.09531808961702132,0.48030839525897195,0.38499030564195064,SPENDING_CONTROL
172,2026-09-01,SPENDING_CONTROL,-0.04178895935404035,0.11503354122819341,0.07324458187415306,SPENDING_CONTROL
174,2026-09-01,SPENDING_CONTROL,0.022090631802889005,0.13152558971152062,0.15361622151440962,NO_SIMULATED_BENEFIT
179,2026-09-01,SPENDING_CONTROL,0.11116554512795818,0.1987925050544771,0.3099580501824353,NO_SIMULATED_BENEFIT
192,2026-09-01,SPENDING_CONTROL,0.1823439509269053,0.0637961126676848,0.24614006359459012,NO_SIMULATED_BENEFIT
199,2026-09-01,SPENDING_CONTROL,-0.1658244054609549,0.28243495910668487,0.11661055364572998,SPENDING_CONTROL
202,2026-09-01,SPENDING_CONTROL,-0.09789721793311604,0.22975610869570082,0.13185889076258478,SPENDING_CONTROL
206,2026-09-01,SPENDING_CONTROL,-0.021507420560767848,0.1522682964252611,0.13076087586449325,SPENDING_CONTROL
209,2026-09-01,SPENDING_CONTROL,0.024680479577433467,0.3023662602964311,0.32704673987386457,NO_SIMULATED_BENEFIT
212,2026-09-01,SPENDING_CONTROL,-0.3102727054932918,0.3910682540010504,0.08079554850775858,SPENDING_CONTROL
222,2026-09-01,SPENDING_CONTROL,-0.004899174045365329,0.29295352280516684,0.2880543487598015,SPENDING_CONTROL
232,2026-09-01,SPENDING_CONTROL,0.060746767444096184,0.30587911063768386,0.36662587808178004,NO_SIMULATED_BENEFIT
240,2026-09-01,SPENDING_CONTROL,-0.10102106114373735,0.30485477346272244,0.2038337123189851,SPENDING_CONTROL
241,2026-09-01,SPENDING_CONTROL,-0.02301538788202341,0.12276924559141056,0.09975385770938715,SPENDING_CONTROL
242,2026-09-01,SPENDING_CONTROL,-0.19574956212900282,0.24587942532275997,0.050129863193757146,SPENDING_CONTROL
245,2026-09-01,SPENDING_CONTROL,-0.205893524326201,0.22311143047628262,0.017217906150081612,SPENDING_CONTROL
250,2026-09-01,SPENDING_CONTROL,-0.16845424628213013,0.320531229073957,0.15207698279182685,SPENDING_CONTROL
252,2026-09-01,SPENDING_CONTROL,-0.15116536126043362,0.21558416042528084,0.0644187991648472,SPENDING_CONTROL
255,2026-09-01,SPENDING_CONTROL,0.1576062859322443,0.16470880516284542,0.3223150910950897,NO_SIMULATED_BENEFIT
261,2026-09-01,SPENDING_CONTROL,-0.03893956640101626,0.1556758594024362,0.11673629300141994,SPENDING_CONTROL
264,2026-09-01,SPENDING_CONTROL,-0.004168694414095009,0.2894856752278328,0.2853169808137378,SPENDING_CONTROL
273,2026-09-01,SPENDING_CONTROL,0.05799222205648896,0.2698240918145351,0.32781631387102406,NO_SIMULATED_BENEFIT
275,2026-09-01,SPENDING_CONTROL,0.15291370042731306,0.22183209650606472,0.3747457969333778,NO_SIMULATED_BENEFIT
276,2026-09-01,SPENDING_CONTROL,0.08210355889970755,0.3484965752023788,0.43060013410208636,NO_SIMULATED_BENEFIT
284,2026-09-01,SPENDING_CONTROL,0.026717496476568597,0.13766216874211293,0.16437966521868153,NO_SIMULATED_BENEFIT
285,2026-09-01,SPENDING_CONTROL,0.010228489848129428,0.040782428283436284,0.05101091813156571,NO_SIMULATED_BENEFIT
286,2026-09-01,SPENDING_CONTROL,0.10399390267887744,0.10614174121078536,0.2101356438896628,NO_SIMULATED_BENEFIT
296,2026-09-01,SPENDING_CONTROL,-0.13783955021707278,0.2197360336943468,0.08189648347727403,SPENDING_CONTROL
320,2026-09-01,SPENDING_CONTROL,-0.030432449499288507,0.04415682229711332,0.01372437279782481,SPENDING_CONTROL
330,2026-09-01,SPENDING_CONTROL,-0.06126733461247583,0.13443463126962393,0.0731672966571481,SPENDING_CONTROL
331,2026-09-01,SPENDING_CONTROL,0.19230303685223274,0.0668211681218073,0.25912420497404004,NO_SIMULATED_BENEFIT
333,2026-09-01,SPENDING_CONTROL,0.05813737528664692,0.1295049665517243,0.18764234183837122,NO_SIMULATED_BENEFIT
359,2026-09-01,SPENDING_CONTROL,-0.02165063770374972,0.062616264945652,0.04096562724190229,SPENDING_CONTROL
360,2026-09-01,SPENDING_CONTROL,0.15818483336738218,0.1437870708081976,0.3019719041755798,NO_SIMULATED_BENEFIT
364,2026-09-01,SPENDING_CONTROL,0.15041817982936215,0.11285094692299633,0.2632691267523585,NO_SIMULATED_BENEFIT
373,2026-09-01,SPENDING_CONTROL,-0.2811997119411717,0.3824157877575067,0.10121607581633495,SPENDING_CONTROL
375,2026-09-01,SPENDING_CONTROL,0.07259682044384647,0.26118228723076475,0.3337791076746112,NO_SIMULATED_BENEFIT
380,2026-09-01,SPENDING_CONTROL,-0.11080266340921435,0.24576432154506417,0.13496165813584982,SPENDING_CONTROL
383,2026-09-01,SPENDING_CONTROL,0.014447782751137284,0.049864454128455166,0.06431223687959245,NO_SIMULATED_BENEFIT
384,2026-09-01,SPENDING_CONTROL,-0.15162298132399496,0.3846426435212476,0.23301966219725265,SPENDING_CONTROL
389,2026-09-01,SPENDING_CONTROL,0.08799051919297607,0.24282381727528152,0.3308143364682576,NO_SIMULATED_BENEFIT
394,2026-09-01,SPENDING_CONTROL,0.02721886288345668,0.14970602729872445,0.17692489018218113,NO_SIMULATED_BENEFIT
396,2026-09-01,SPENDING_CONTROL,-0.05091979809617836,0.24967969837087153,0.19875990027469317,SPENDING_CONTROL
402,2026-09-01,SPENDING_CONTROL,0.0973927636606117,0.1594460447123505,0.2568388083729622,NO_SIMULATED_BENEFIT
405,2026-09-01,SPENDING_CONTROL,0.13349442770566522,0.12861773037975605,0.26211215808542127,NO_SIMULATED_BENEFIT
406,2026-09-01,SPENDING_CONTROL,-0.014513274757962658,0.36136238699556245,0.3468491122375998,SPENDING_CONTROL
409,2026-09-01,SPENDING_CONTROL,0.06990168483777215,0.2657934783464047,0.33569516318417686,NO_SIMULATED_BENEFIT
417,2026-09-01,SPENDING_CONTROL,-0.22159962413928974,0.3054544413538547,0.08385481721456493,SPENDING_CONTROL
446,2026-09-01,SPENDING_CONTROL,0.07927973146489062,0.22832787469551544,0.30760760616040606,NO_SIMULATED_BENEFIT
451,2026-09-01,SPENDING_CONTROL,-0.17821731397516355,0.2371375528811011,0.05892023890593756,SPENDING_CONTROL
457,2026-09-01,SPENDING_CONTROL,-0.06334207059859943,0.0791153113200146,0.015773240721415168,SPENDING_CONTROL
458,2026-09-01,SPENDING_CONTROL,-0.1431925562267384,0.2773594690985311,0.1341669128717927,SPENDING_CONTROL
459,2026-09-01,SPENDING_CONTROL,0.13285959926197666,0.11791003073749534,0.250769629999472,NO_SIMULATED_BENEFIT
488,2026-09-01,SPENDING_CONTROL,-0.24822194779639628,0.354904251513779,0.10668230371738276,SPENDING_CONTROL
490,2026-09-01,SPENDING_CONTROL,-0.0675162503679812,0.2306327158711511,0.1631164655031699,SPENDING_CONTROL
492,2026-09-01,SPENDING_CONTROL,-0.09885807474548575,0.41610248594276134,0.3172444111972756,SPENDING_CONTROL
493,2026-09-01,SPENDING_CONTROL,-0.08471627252222524,0.27363872427174907,0.18892245174952382,SPENDING_CONTROL
501,2026-09-01,SPENDING_CONTROL,-0.027662204613512,0.11053976983870215,0.08287756522519014,SPENDING_CONTROL
503,2026-09-01,SPENDING_CONTROL,-0.009024174030423993,0.27216467748823336,0.26314050345780937,SPENDING_CONTROL
509,2026-09-01,SPENDING_CONTROL,-0.12654068666953516,0.4074325130811449,0.28089182641160976,SPENDING_CONTROL
510,2026-09-01,SPENDING_CONTROL,-0.07956583142170012,0.23226566098941612,0.152699829567716,SPENDING_CONTROL
525,2026-09-01,SPENDING_CONTROL,-0.06034902453657625,0.1112587622214048,0.050909737684828545,SPENDING_CONTROL
531,2026-09-01,SPENDING_CONTROL,0.08064042882808689,0.23442177799471145,0.31506220682279834,NO_SIMULATED_BENEFIT
541,2026-09-01,SPENDING_CONTROL,-0.03788905711510507,0.11173535808565267,0.0738463009705476,SPENDING_CONTROL
547,2026-09-01,SPENDING_CONTROL,0.0005055138945434384,0.07750932561690393,0.07801483951144737,NO_SIMULATED_BENEFIT
563,2026-09-01,SPENDING_CONTROL,0.06489991955250621,0.09710638576291569,0.1620063053154219,NO_SIMULATED_BENEFIT
565,2026-09-01,SPENDING_CONTROL,-0.002061388276732551,0.1316973234028148,0.12963593512608224,SPENDING_CONTROL
571,2026-09-01,SPENDING_CONTROL,0.069869583568894,0.275343766712341,0.345213350281235,NO_SIMULATED_BENEFIT
585,2026-09-01,SPENDING_CONTROL,-0.2689505662955438,0.3013261684036826,0.03237560210813876,SPENDING_CONTROL
613,2026-09-01,SPENDING_CONTROL,-0.05943843469655513,0.0886796904760235,0.029241255779468373,SPENDING_CONTROL
636,2026-09-01,SPENDING_CONTROL,-0.08462904115749689,0.14973233188201104,0.06510329072451415,SPENDING_CONTROL
646,2026-09-01,SPENDING_CONTROL,-0.011436010844454614,0.09223909330367765,0.08080308245922303,SPENDING_CONTROL
653,2026-09-01,SPENDING_CONTROL,-0.1954934114742364,0.3617770198329056,0.1662836083586692,SPENDING_CONTROL
656,2026-09-01,SPENDING_CONTROL,0.04183441299307547,0.08851750484167378,0.13035191783474925,NO_SIMULATED_BENEFIT
659,2026-09-01,SPENDING_CONTROL,0.08363795792259396,0.17395954361751073,0.2575975015401047,NO_SIMULATED_BENEFIT
668,2026-09-01,SPENDING_CONTROL,0.07384702816650962,0.24376301417433666,0.3176100423408463,NO_SIMULATED_BENEFIT
671,2026-09-01,SPENDING_CONTROL,-0.022481482007582654,0.1991865363517231,0.17670505434414044,SPENDING_CONTROL
672,2026-09-01,SPENDING_CONTROL,-0.21247553705933406,0.37279588139444514,0.16032034433511108,SPENDING_CONTROL
673,2026-09-01,SPENDING_CONTROL,-0.15200961634985788,0.24952354653965994,0.09751393018980208,SPENDING_CONTROL
674,2026-09-01,SPENDING_CONTROL,0.12446432131860485,0.040271900167006665,0.1647362214856115,NO_SIMULATED_BENEFIT
688,2026-09-01,SPENDING_CONTROL,0.0032017613382098534,0.04892078545663881,0.052122546794848665,NO_SIMULATED_BENEFIT
690,2026-09-01,SPENDING_CONTROL,-0.1714654324757085,0.23213883677362054,0.06067340429791205,SPENDING_CONTROL
694,2026-09-01,SPENDING_CONTROL,-0.0038554472923087724,0.1927162773017552,0.18886083000944642,SPENDING_CONTROL
705,2026-09-01,SPENDING_CONTROL,-0.21449660537061643,0.27497115453608967,0.06047454916547325,SPENDING_CONTROL
706,2026-09-01,SPENDING_CONTROL,-0.02765694393116896,0.05476245600801079,0.027105512076841826,SPENDING_CONTROL
713,2026-09-01,SPENDING_CONTROL,-0.2675538625925508,0.3653706912134614,0.09781682862091058,SPENDING_CONTROL
718,2026-09-01,SPENDING_CONTROL,0.01191901047680724,0.22587310609769812,0.23779211657450536,NO_SIMULATED_BENEFIT
719,2026-09-01,SPENDING_CONTROL,0.08764210298913025,0.1633304467827202,0.25097254977185046,NO_SIMULATED_BENEFIT
721,2026-09-01,SPENDING_CONTROL,0.010690635632487788,0.1607514910468335,0.1714421266793213,NO_SIMULATED_BENEFIT
723,2026-09-01,SPENDING_CONTROL,0.015655965721171755,0.06511973391398868,0.08077569963516043,NO_SIMULATED_BENEFIT
726,2026-09-01,SPENDING_CONTROL,-0.03030972932435952,0.10329370732741439,0.07298397800305487,SPENDING_CONTROL
767,2026-09-01,SPENDING_CONTROL,0.12120720904823283,0.1107788688081321,0.23198607785636494,NO_SIMULATED_BENEFIT
768,2026-09-01,SPENDING_CONTROL,0.09274033875859652,0.05824642910216996,0.15098676786076648,NO_SIMULATED_BENEFIT
795,2026-09-01,SPENDING_CONTROL,0.03977107184351028,0.11301041495398584,0.15278148679749612,NO_SIMULATED_BENEFIT
797,2026-09-01,SPENDING_CONTROL,0.08242697122584555,0.12186680367981281,0.20429377490565837,NO_SIMULATED_BENEFIT
802,2026-09-01,SPENDING_CONTROL,-0.005043429190420279,0.21444614156606595,0.20940271237564567,SPENDING_CONTROL
809,2026-09-01,SPENDING_CONTROL,0.005383172897058933,0.03629425060671701,0.04167742350377594,NO_SIMULATED_BENEFIT
813,2026-09-01,SPENDING_CONTROL,-0.04639563268821936,0.13556623658322467,0.08917060389500531,SPENDING_CONTROL
835,2026-09-01,SPENDING_CONTROL,0.20519891823020459,0.053697414112642165,0.25889633234284676,NO_SIMULATED_BENEFIT
842,2026-09-01,SPENDING_CONTROL,0.13250894691096288,0.16839342199487178,0.30090236890583466,NO_SIMULATED_BENEFIT
851,2026-09-01,SPENDING_CONTROL,0.06115850061988298,0.24776197658098398,0.30892047720086696,NO_SIMULATED_BENEFIT
852,2026-09-01,SPENDING_CONTROL,0.0631610991604386,0.25442475744099424,0.31758585660143285,NO_SIMULATED_BENEFIT
880,2026-09-01,SPENDING_CONTROL,-0.1931976873999991,0.3296888257722038,0.13649113837220472,SPENDING_CONTROL
882,2026-09-01,SPENDING_CONTROL,0.03515559704115204,0.05215529677401047,0.08731089381516251,NO_SIMULATED_BENEFIT
899,2026-09-01,SPENDING_CONTROL,0.005467894134360347,0.030942187613087247,0.036410081747447594,NO_SIMULATED_BENEFIT
904,2026-09-01,SPENDING_CONTROL,-0.13569812741962636,0.27397944473341324,0.13828131731378687,SPENDING_CONTROL
906,2026-09-01,SPENDING_CONTROL,0.000245345994546918,0.056480724852094114,0.05672607084664103,NO_SIMULATED_BENEFIT
920,2026-09-01,SPENDING_CONTROL,0.11454350596053876,0.07495693492151277,0.18950044088205154,NO_SIMULATED_BENEFIT
925,2026-09-01,SPENDING_CONTROL,-0.05984269230788619,0.4115904861624352,0.351747793854549,SPENDING_CONTROL
947,2026-09-01,SPENDING_CONTROL,-0.2528997971224316,0.3105124194102579,0.05761262228782634,SPENDING_CONTROL
958,2026-09-01,SPENDING_CONTROL,-0.011547339519254018,0.3135513532635023,0.3020040137442483,SPENDING_CONTROL
981,2026-09-01,SPENDING_CONTROL,0.11501611054234948,0.07763372632347942,0.1926498368658289,NO_SIMULATED_BENEFIT
988,2026-09-01,SPENDING_CONTROL,0.07931157700554495,0.1350275911071264,0.21433916811267134,NO_SIMULATED_BENEFIT
994,2026-09-01,SPENDING_CONTROL,-0.008336527139132369,0.10373362862727982,0.09539710148814745,SPENDING_CONTROL
996,2026-09-01,SPENDING_CONTROL,0.06726724627747763,0.16286802074557133,0.23013526702304896,NO_SIMULATED_BENEFIT
998,2026-09-01,SPENDING_CONTROL,-0.1878615932861329,0.24851252778804575,0.060650934501912855,SPENDING_CONTROL
