user_id,month,intervention_category,cate,estimated_benefit,predicted_outcome_control,predicted_outcome_treatment,recommended_action
4,2026-09-01,LIQUIDITY_PROTECTION,0.05298299356663572,-0.05298299356663572,0.28495157107541014,0.33793456464204585,NO_SIMULATED_BENEFIT
32,2026-09-01,LIQUIDITY_PROTECTION,-0.18604336144448383,0.18604336144448383,0.27661498001339346,0.09057161856890963,LIQUIDITY_PROTECTION
53,2026-09-01,LIQUIDITY_PROTECTION,-0.294122155142784,0.294122155142784,0.4084724118119262,0.11435025666914217,LIQUIDITY_PROTECTION
58,2026-09-01,LIQUIDITY_PROTECTION,0.10461741476331265,-0.10461741476331265,0.1901887544237122,0.29480616918702485,NO_SIMULATED_BENEFIT
68,2026-09-01,LIQUIDITY_PROTECTION,-0.16381257560379095,0.16381257560379095,0.26801909341518493,0.10420651781139398,LIQUIDITY_PROTECTION
84,2026-09-01,LIQUIDITY_PROTECTION,-0.12006080934602605,0.12006080934602605,0.24288527091816575,0.1228244615721397,LIQUIDITY_PROTECTION
92,2026-09-01,LIQUIDITY_PROTECTION,-0.18985920482882568,0.18985920482882568,0.269217372632814,0.0793581678039883,LIQUIDITY_PROTECTION
96,2026-09-01,LIQUIDITY_PROTECTION,-0.069530262779876,0.069530262779876,0.25155117915566866,0.18202091637579265,LIQUIDITY_PROTECTION
115,2026-09-01,LIQUIDITY_PROTECTION,0.2525090585991787,-0.2525090585991787,0.13391301703187572,0.38642207563105446,NO_SIMULATED_BENEFIT
123,2026-09-01,LIQUIDITY_PROTECTION,0.15021097243543077,-0.15021097243543077,0.17490116708271933,0.3251121395181501,NO_SIMULATED_BENEFIT
136,2026-09-01,LIQUIDITY_PROTECTION,-0.09141981897961016,0.09141981897961016,0.203129018105218,0.11170919912560784,LIQUIDITY_PROTECTION
169,2026-09-01,LIQUIDITY_PROTECTION,-0.0030691807145907246,0.0030691807145907246,0.24783397040982205,0.24476478969523133,LIQUIDITY_PROTECTION
178,2026-09-01,LIQUIDITY_PROTECTION,0.10419588940757685,-0.10419588940757685,0.19099587365105947,0.2951917630586363,NO_SIMULATED_BENEFIT
195,2026-09-01,LIQUIDITY_PROTECTION,-0.18569359044378417,0.18569359044378417,0.22351027668152307,0.03781668623773889,LIQUIDITY_PROTECTION
200,2026-09-01,LIQUIDITY_PROTECTION,0.1783974863572388,-0.1783974863572388,0.09322935778818144,0.2716268441454202,NO_SIMULATED_BENEFIT
229,2026-09-01,LIQUIDITY_PROTECTION,0.021472511349446444,-0.021472511349446444,0.171102294134028,0.19257480548347444,NO_SIMULATED_BENEFIT
237,2026-09-01,LIQUIDITY_PROTECTION,-0.20194184047407923,0.20194184047407923,0.3872774030166852,0.18533556254260594,LIQUIDITY_PROTECTION
260,2026-09-01,LIQUIDITY_PROTECTION,0.03509680431081358,-0.03509680431081358,0.1289905330737375,0.16408733738455109,NO_SIMULATED_BENEFIT
279,2026-09-01,LIQUIDITY_PROTECTION,0.08154289476508181,-0.08154289476508181,0.2573456526846621,0.3388885474497439,NO_SIMULATED_BENEFIT
318,2026-09-01,LIQUIDITY_PROTECTION,-0.20025565746391244,0.20025565746391244,0.3159661699333259,0.11571051246941344,LIQUIDITY_PROTECTION
319,2026-09-01,LIQUIDITY_PROTECTION,0.11964251897838177,-0.11964251897838177,0.0669626732580024,0.18660519223638417,NO_SIMULATED_BENEFIT
341,2026-09-01,LIQUIDITY_PROTECTION,0.02752388004190061,-0.02752388004190061,0.09006859311674904,0.11759247315864965,NO_SIMULATED_BENEFIT
352,2026-09-01,LIQUIDITY_PROTECTION,0.08861582303145771,-0.08861582303145771,0.2337863129302759,0.3224021359617336,NO_SIMULATED_BENEFIT
357,2026-09-01,LIQUIDITY_PROTECTION,-0.04303539019173683,0.04303539019173683,0.22510362705176945,0.18206823686003262,LIQUIDITY_PROTECTION
358,2026-09-01,LIQUIDITY_PROTECTION,-0.2296011630343306,0.2296011630343306,0.39985835593316443,0.17025719289883384,LIQUIDITY_PROTECTION
361,2026-09-01,LIQUIDITY_PROTECTION,-0.21909929807856868,0.21909929807856868,0.3439770382864173,0.12487774020784861,LIQUIDITY_PROTECTION
362,2026-09-01,LIQUIDITY_PROTECTION,-0.1154557140199555,0.1154557140199555,0.3629733510383666,0.2475176370184111,LIQUIDITY_PROTECTION
372,2026-09-01,LIQUIDITY_PROTECTION,0.14549625410422648,-0.14549625410422648,0.19406064707927353,0.3395569011835,NO_SIMULATED_BENEFIT
391,2026-09-01,LIQUIDITY_PROTECTION,-0.09376429945470205,0.09376429945470205,0.2943946571001527,0.20063035764545067,LIQUIDITY_PROTECTION
412,2026-09-01,LIQUIDITY_PROTECTION,0.06899251280979976,-0.06899251280979976,0.06969652340052129,0.13868903621032105,NO_SIMULATED_BENEFIT
416,2026-09-01,LIQUIDITY_PROTECTION,-0.11040418397248908,0.11040418397248908,0.24820172622784867,0.1377975422553596,LIQUIDITY_PROTECTION
428,2026-09-01,LIQUIDITY_PROTECTION,0.11574444084467317,-0.11574444084467317,0.16796831188820355,0.2837127527328767,NO_SIMULATED_BENEFIT
430,2026-09-01,LIQUIDITY_PROTECTION,0.09371026631320756,-0.09371026631320756,0.12142922782125579,0.21513949413446334,NO_SIMULATED_BENEFIT
487,2026-09-01,LIQUIDITY_PROTECTION,0.09612308276157717,-0.09612308276157717,0.07595783735030275,0.17208092011187992,NO_SIMULATED_BENEFIT
494,2026-09-01,LIQUIDITY_PROTECTION,-0.08461286962951037,0.08461286962951037,0.3461809732235429,0.26156810359403254,LIQUIDITY_PROTECTION
505,2026-09-01,LIQUIDITY_PROTECTION,-0.17149747998103285,0.17149747998103285,0.21633063341170952,0.044833153430676675,LIQUIDITY_PROTECTION
507,2026-09-01,LIQUIDITY_PROTECTION,-0.036780777666033215,0.036780777666033215,0.25647678100909543,0.21969600334306222,LIQUIDITY_PROTECTION
515,2026-09-01,LIQUIDITY_PROTECTION,0.1488877722151717,-0.1488877722151717,0.17054002352498132,0.319427795740153,NO_SIMULATED_BENEFIT
536,2026-09-01,LIQUIDITY_PROTECTION,-0.08101076980295238,0.08101076980295238,0.22438934133748376,0.14337857153453137,LIQUIDITY_PROTECTION
540,2026-09-01,LIQUIDITY_PROTECTION,-0.0863871134175345,0.0863871134175345,0.29408709052671894,0.20769997710918445,LIQUIDITY_PROTECTION
560,2026-09-01,LIQUIDITY_PROTECTION,-0.17076356562104983,0.17076356562104983,0.30787960800809105,0.13711604238704123,LIQUIDITY_PROTECTION
568,2026-09-01,LIQUIDITY_PROTECTION,0.09757694723726484,-0.09757694723726484,0.15108357301739675,0.2486605202546616,NO_SIMULATED_BENEFIT
576,2026-09-01,LIQUIDITY_PROTECTION,0.007804955772330313,-0.007804955772330313,0.15315924169457618,0.1609641974669065,NO_SIMULATED_BENEFIT
586,2026-09-01,LIQUIDITY_PROTECTION,0.10660968546417454,-0.10660968546417454,0.14589859495509677,0.2525082804192713,NO_SIMULATED_BENEFIT
595,2026-09-01,LIQUIDITY_PROTECTION,-0.01827021610284016,0.01827021610284016,0.20012948901087466,0.1818592729080345,LIQUIDITY_PROTECTION
615,2026-09-01,LIQUIDITY_PROTECTION,0.033940939836450745,-0.033940939836450745,0.16614405262779883,0.20008499246424957,NO_SIMULATED_BENEFIT
620,2026-09-01,LIQUIDITY_PROTECTION,0.12418722539680939,-0.12418722539680939,0.08556107557981975,0.20974830097662914,NO_SIMULATED_BENEFIT
628,2026-09-01,LIQUIDITY_PROTECTION,-0.03227260889838297,0.03227260889838297,0.14070175056281886,0.10842914166443589,LIQUIDITY_PROTECTION
660,2026-09-01,LIQUIDITY_PROTECTION,0.07677476085221072,-0.07677476085221072,0.18102381858269276,0.2577985794349035,NO_SIMULATED_BENEFIT
676,2026-09-01,LIQUIDITY_PROTECTION,-0.004355176936639976,0.004355176936639976,0.19705282208474956,0.19269764514810958,LIQUIDITY_PROTECTION
681,2026-09-01,LIQUIDITY_PROTECTION,-0.06531850740848444,0.06531850740848444,0.19660875912443276,0.13129025171594833,LIQUIDITY_PROTECTION
687,2026-09-01,LIQUIDITY_PROTECTION,-0.021580059603279494,0.021580059603279494,0.15062736289052095,0.12904730328724145,LIQUIDITY_PROTECTION
692,2026-09-01,LIQUIDITY_PROTECTION,-0.09562853646754585,0.09562853646754585,0.22708668428521384,0.131458147817668,LIQUIDITY_PROTECTION
696,2026-09-01,LIQUIDITY_PROTECTION,-0.2051573757697986,0.2051573757697986,0.24153275494858334,0.036375379178784764,LIQUIDITY_PROTECTION
703,2026-09-01,LIQUIDITY_PROTECTION,-0.027930335841999387,0.027930335841999387,0.28114507433857294,0.25321473849657355,LIQUIDITY_PROTECTION
727,2026-09-01,LIQUIDITY_PROTECTION,-0.04828723182450145,0.04828723182450145,0.23864010968279728,0.19035287785829583,LIQUIDITY_PROTECTION
729,2026-09-01,LIQUIDITY_PROTECTION,-0.05236189691085216,0.05236189691085216,0.22917161922328338,0.17680972231243122,LIQUIDITY_PROTECTION
738,2026-09-01,LIQUIDITY_PROTECTION,-0.0848097814136903,0.0848097814136903,0.23632224933792292,0.15151246792423262,LIQUIDITY_PROTECTION
744,2026-09-01,LIQUIDITY_PROTECTION,-0.12931795252528225,0.12931795252528225,0.24278951522333916,0.11347156269805692,LIQUIDITY_PROTECTION
750,2026-09-01,LIQUIDITY_PROTECTION,0.13149108297676423,-0.13149108297676423,0.20594768147017792,0.33743876444694215,NO_SIMULATED_BENEFIT
754,2026-09-01,LIQUIDITY_PROTECTION,0.139646643604074,-0.139646643604074,0.1352521224905127,0.2748987660945867,NO_SIMULATED_BENEFIT
801,2026-09-01,LIQUIDITY_PROTECTION,0.007436425821975456,-0.007436425821975456,0.16265206028634852,0.17008848610832397,NO_SIMULATED_BENEFIT
824,2026-09-01,LIQUIDITY_PROTECTION,0.05473936460108897,-0.05473936460108897,0.15434650976419717,0.20908587436528614,NO_SIMULATED_BENEFIT
827,2026-09-01,LIQUIDITY_PROTECTION,0.03766163454708349,-0.03766163454708349,0.1987420079204135,0.23640364246749698,NO_SIMULATED_BENEFIT
848,2026-09-01,LIQUIDITY_PROTECTION,0.04688402361748362,-0.04688402361748362,0.15693590416080005,0.20381992777828367,NO_SIMULATED_BENEFIT
891,2026-09-01,LIQUIDITY_PROTECTION,-0.08293004854479347,0.08293004854479347,0.21516585715482806,0.1322358086100346,LIQUIDITY_PROTECTION
918,2026-09-01,LIQUIDITY_PROTECTION,-0.19165205273344008,0.19165205273344008,0.39579586168220265,0.20414380894876258,LIQUIDITY_PROTECTION
923,2026-09-01,LIQUIDITY_PROTECTION,0.1822611071132743,-0.1822611071132743,0.10934278874720064,0.29160389586047497,NO_SIMULATED_BENEFIT
930,2026-09-01,LIQUIDITY_PROTECTION,0.11743253414548335,-0.11743253414548335,0.1433475501107083,0.26078008425619165,NO_SIMULATED_BENEFIT
937,2026-09-01,LIQUIDITY_PROTECTION,0.2027848773080471,-0.2027848773080471,0.20337275073928743,0.4061576280473345,NO_SIMULATED_BENEFIT
938,2026-09-01,LIQUIDITY_PROTECTION,0.07465767822760702,-0.07465767822760702,0.15026053691351843,0.22491821514112545,NO_SIMULATED_BENEFIT
940,2026-09-01,LIQUIDITY_PROTECTION,0.05039604031520842,-0.05039604031520842,0.15961189041225068,0.2100079307274591,NO_SIMULATED_BENEFIT
942,2026-09-01,LIQUIDITY_PROTECTION,0.04739723118946465,-0.04739723118946465,0.2905685579899977,0.33796578917946235,NO_SIMULATED_BENEFIT
948,2026-09-01,LIQUIDITY_PROTECTION,-0.08182819919221186,0.08182819919221186,0.200942098316375,0.11911389912416313,LIQUIDITY_PROTECTION
953,2026-09-01,LIQUIDITY_PROTECTION,-0.014566624917050491,0.014566624917050491,0.2507965957546066,0.23622997083755612,LIQUIDITY_PROTECTION
962,2026-09-01,LIQUIDITY_PROTECTION,0.03502077418195834,-0.03502077418195834,0.19987985541720088,0.23490062959915922,NO_SIMULATED_BENEFIT
965,2026-09-01,LIQUIDITY_PROTECTION,0.12471416775518945,-0.12471416775518945,0.15575172736981213,0.2804658951250016,NO_SIMULATED_BENEFIT
967,2026-09-01,LIQUIDITY_PROTECTION,0.00756142602306295,-0.00756142602306295,0.13893656065371637,0.14649798667677932,NO_SIMULATED_BENEFIT
977,2026-09-01,LIQUIDITY_PROTECTION,-0.08360604861678356,0.08360604861678356,0.30594304273870854,0.22233699412192498,LIQUIDITY_PROTECTION
990,2026-09-01,LIQUIDITY_PROTECTION,0.07077732723359667,-0.07077732723359667,0.15943986129396356,0.23021718852756023,NO_SIMULATED_BENEFIT
993,2026-09-01,LIQUIDITY_PROTECTION,0.14415294743308266,-0.14415294743308266,0.06514616759590852,0.20929911502899118,NO_SIMULATED_BENEFIT
997,2026-09-01,LIQUIDITY_PROTECTION,-0.06638764692479837,0.06638764692479837,0.35321243857621565,0.2868247916514173,LIQUIDITY_PROTECTION
9,2026-09-01,OBLIGATION_MANAGEMENT,-0.3030559067838482,0.3030559067838482,0.5150648471182532,0.21200894033440498,OBLIGATION_MANAGEMENT
20,2026-09-01,OBLIGATION_MANAGEMENT,-0.17717854611876174,0.17717854611876174,0.3545206351299686,0.17734208901120688,OBLIGATION_MANAGEMENT
31,2026-09-01,OBLIGATION_MANAGEMENT,-0.08973798052246054,0.08973798052246054,0.29553214392810434,0.2057941634056438,OBLIGATION_MANAGEMENT
44,2026-09-01,OBLIGATION_MANAGEMENT,-0.05802270456895722,0.05802270456895722,0.29292364975666735,0.23490094518771013,OBLIGATION_MANAGEMENT
50,2026-09-01,OBLIGATION_MANAGEMENT,-0.265913818308168,0.265913818308168,0.4902060244393836,0.2242922061312156,OBLIGATION_MANAGEMENT
75,2026-09-01,OBLIGATION_MANAGEMENT,-0.1910836667988001,0.1910836667988001,0.3697648748093426,0.17868120801054252,OBLIGATION_MANAGEMENT
90,2026-09-01,OBLIGATION_MANAGEMENT,-0.2929454125101533,0.2929454125101533,0.46896844253984976,0.17602303002969644,OBLIGATION_MANAGEMENT
95,2026-09-01,OBLIGATION_MANAGEMENT,-0.3161303928768727,0.3161303928768727,0.44260062986955556,0.12647023699268287,OBLIGATION_MANAGEMENT
101,2026-09-01,OBLIGATION_MANAGEMENT,-0.1787401471567561,0.1787401471567561,0.3755134321506295,0.1967732849938734,OBLIGATION_MANAGEMENT
133,2026-09-01,OBLIGATION_MANAGEMENT,-0.11058558023429958,0.11058558023429958,0.2055301309660895,0.09494455073178991,OBLIGATION_MANAGEMENT
180,2026-09-01,OBLIGATION_MANAGEMENT,-0.115134150944635,0.115134150944635,0.2055301309660895,0.09039598002145449,OBLIGATION_MANAGEMENT
184,2026-09-01,OBLIGATION_MANAGEMENT,-0.27809092875768726,0.27809092875768726,0.4450669389159731,0.1669760101582858,OBLIGATION_MANAGEMENT
191,2026-09-01,OBLIGATION_MANAGEMENT,-0.20684919152914522,0.20684919152914522,0.430839857009749,0.2239906654806038,OBLIGATION_MANAGEMENT
194,2026-09-01,OBLIGATION_MANAGEMENT,-0.1259216039600292,0.1259216039600292,0.21303923161489602,0.08711762765486683,OBLIGATION_MANAGEMENT
204,2026-09-01,OBLIGATION_MANAGEMENT,-0.3572343631822309,0.3572343631822309,0.46725471991629736,0.11002035673406647,OBLIGATION_MANAGEMENT
213,2026-09-01,OBLIGATION_MANAGEMENT,-0.18005117594176856,0.18005117594176856,0.2543926238939851,0.07434144795221653,OBLIGATION_MANAGEMENT
220,2026-09-01,OBLIGATION_MANAGEMENT,-0.2880327819242353,0.2880327819242353,0.4638879326214915,0.1758551506972562,OBLIGATION_MANAGEMENT
225,2026-09-01,OBLIGATION_MANAGEMENT,-0.06780886504590708,0.06780886504590708,0.25711690341276916,0.18930803836686208,OBLIGATION_MANAGEMENT
262,2026-09-01,OBLIGATION_MANAGEMENT,-0.1896491023813381,0.1896491023813381,0.3761020563714691,0.18645295399013098,OBLIGATION_MANAGEMENT
267,2026-09-01,OBLIGATION_MANAGEMENT,-0.12008556970806109,0.12008556970806109,0.33785804042906137,0.21777247072100028,OBLIGATION_MANAGEMENT
280,2026-09-01,OBLIGATION_MANAGEMENT,-0.16172229698720314,0.16172229698720314,0.3927276724596841,0.23100537547248096,OBLIGATION_MANAGEMENT
295,2026-09-01,OBLIGATION_MANAGEMENT,-0.1470915700152946,0.1470915700152946,0.3800150071446142,0.23292343712931962,OBLIGATION_MANAGEMENT
313,2026-09-01,OBLIGATION_MANAGEMENT,-0.029063392654761266,0.029063392654761266,0.27482619274421194,0.24576280008945067,OBLIGATION_MANAGEMENT
332,2026-09-01,OBLIGATION_MANAGEMENT,-0.16295342845888397,0.16295342845888397,0.33441512363616177,0.1714616951772778,OBLIGATION_MANAGEMENT
338,2026-09-01,OBLIGATION_MANAGEMENT,-0.13757338508464548,0.13757338508464548,0.33662436621963027,0.1990509811349848,OBLIGATION_MANAGEMENT
395,2026-09-01,OBLIGATION_MANAGEMENT,-0.11394220019386073,0.11394220019386073,0.21303923161489602,0.09909703142103529,OBLIGATION_MANAGEMENT
401,2026-09-01,OBLIGATION_MANAGEMENT,-0.1476108875358099,0.1476108875358099,0.3811264800873935,0.23351559255158363,OBLIGATION_MANAGEMENT
403,2026-09-01,OBLIGATION_MANAGEMENT,-0.1959104195085302,0.1959104195085302,0.41080504924526534,0.21489462973673515,OBLIGATION_MANAGEMENT
407,2026-09-01,OBLIGATION_MANAGEMENT,-0.2154302834964601,0.2154302834964601,0.3931789418155521,0.17774865831909198,OBLIGATION_MANAGEMENT
408,2026-09-01,OBLIGATION_MANAGEMENT,-0.0646567909145683,0.0646567909145683,0.2413347565917853,0.176677965677217,OBLIGATION_MANAGEMENT
433,2026-09-01,OBLIGATION_MANAGEMENT,-0.11122755100677598,0.11122755100677598,0.310352331455086,0.19912478044831003,OBLIGATION_MANAGEMENT
440,2026-09-01,OBLIGATION_MANAGEMENT,-0.19114218260073698,0.19114218260073698,0.31998601168760016,0.12884382908686318,OBLIGATION_MANAGEMENT
454,2026-09-01,OBLIGATION_MANAGEMENT,-0.11003061214671112,0.11003061214671112,0.3848338545699226,0.27480324242321147,OBLIGATION_MANAGEMENT
476,2026-09-01,OBLIGATION_MANAGEMENT,-0.16771795759566666,0.16771795759566666,0.38904326041748677,0.2213253028218201,OBLIGATION_MANAGEMENT
480,2026-09-01,OBLIGATION_MANAGEMENT,-0.2931010065425329,0.2931010065425329,0.4388054087508051,0.14570440220827222,OBLIGATION_MANAGEMENT
495,2026-09-01,OBLIGATION_MANAGEMENT,-0.3129200635605062,0.3129200635605062,0.4522933963680496,0.13937333280754338,OBLIGATION_MANAGEMENT
496,2026-09-01,OBLIGATION_MANAGEMENT,-0.17519004495556237,0.17519004495556237,0.3881460234409779,0.21295597848541556,OBLIGATION_MANAGEMENT
497,2026-09-01,OBLIGATION_MANAGEMENT,-0.06575817400906064,0.06575817400906064,0.23997012786003385,0.1742119538509732,OBLIGATION_MANAGEMENT
500,2026-09-01,OBLIGATION_MANAGEMENT,-0.42202064405156586,0.42202064405156586,0.5431762188545866,0.12115557480302068,OBLIGATION_MANAGEMENT
511,2026-09-01,OBLIGATION_MANAGEMENT,-0.20296369632666258,0.20296369632666258,0.3941213966701216,0.191157700343459,OBLIGATION_MANAGEMENT
513,2026-09-01,OBLIGATION_MANAGEMENT,-0.2107261894798725,0.2107261894798725,0.3733870064607362,0.16266081698086368,OBLIGATION_MANAGEMENT
551,2026-09-01,OBLIGATION_MANAGEMENT,-0.11540801696297048,0.11540801696297048,0.3505414682067161,0.23513345124374563,OBLIGATION_MANAGEMENT
561,2026-09-01,OBLIGATION_MANAGEMENT,-0.06457117987246372,0.06457117987246372,0.3129500662366443,0.24837888636418057,OBLIGATION_MANAGEMENT
578,2026-09-01,OBLIGATION_MANAGEMENT,-0.16929974064204623,0.16929974064204623,0.4084874822233639,0.23918774158131767,OBLIGATION_MANAGEMENT
580,2026-09-01,OBLIGATION_MANAGEMENT,-0.25085720588154947,0.25085720588154947,0.4385232946231027,0.18766608874155324,OBLIGATION_MANAGEMENT
601,2026-09-01,OBLIGATION_MANAGEMENT,-0.07225260505914385,0.07225260505914385,0.269072568315665,0.19681996325652115,OBLIGATION_MANAGEMENT
611,2026-09-01,OBLIGATION_MANAGEMENT,-0.22928174432779708,0.22928174432779708,0.41586840554526344,0.18658666121746637,OBLIGATION_MANAGEMENT
677,2026-09-01,OBLIGATION_MANAGEMENT,-0.30246143793547187,0.30246143793547187,0.45669288546684206,0.1542314475313702,OBLIGATION_MANAGEMENT
697,2026-09-01,OBLIGATION_MANAGEMENT,-0.18759402280032997,0.18759402280032997,0.340462472543418,0.15286844974308803,OBLIGATION_MANAGEMENT
711,2026-09-01,OBLIGATION_MANAGEMENT,-0.32318638997002114,0.32318638997002114,0.4738558139413028,0.1506694239712816,OBLIGATION_MANAGEMENT
717,2026-09-01,OBLIGATION_MANAGEMENT,-0.15714097707131788,0.15714097707131788,0.4015393105346669,0.24439833346334902,OBLIGATION_MANAGEMENT
728,2026-09-01,OBLIGATION_MANAGEMENT,-0.1371692274808727,0.1371692274808727,0.2251551037172234,0.08798587623635068,OBLIGATION_MANAGEMENT
739,2026-09-01,OBLIGATION_MANAGEMENT,-0.28984875650018455,0.28984875650018455,0.46869747146586005,0.1788487149656755,OBLIGATION_MANAGEMENT
741,2026-09-01,OBLIGATION_MANAGEMENT,-0.010133034162832927,0.010133034162832927,0.24497685893970758,0.23484382477687465,OBLIGATION_MANAGEMENT
746,2026-09-01,OBLIGATION_MANAGEMENT,-0.17887104664554015,0.17887104664554015,0.27152970951791283,0.09265866287237266,OBLIGATION_MANAGEMENT
764,2026-09-01,OBLIGATION_MANAGEMENT,-0.1970396126634517,0.1970396126634517,0.4546460502861433,0.2576064376226916,OBLIGATION_MANAGEMENT
778,2026-09-01,OBLIGATION_MANAGEMENT,-0.16341821384503424,0.16341821384503424,0.28536618416103865,0.12194797031600442,OBLIGATION_MANAGEMENT
788,2026-09-01,OBLIGATION_MANAGEMENT,-0.1275307178345102,0.1275307178345102,0.39431852117610616,0.26678780334159596,OBLIGATION_MANAGEMENT
796,2026-09-01,OBLIGATION_MANAGEMENT,-0.17281039616585972,0.17281039616585972,0.4024361991411211,0.2296258029752614,OBLIGATION_MANAGEMENT
806,2026-09-01,OBLIGATION_MANAGEMENT,-0.34601153322294537,0.34601153322294537,0.5189288299336732,0.1729172967107278,OBLIGATION_MANAGEMENT
847,2026-09-01,OBLIGATION_MANAGEMENT,-0.1672053998425096,0.1672053998425096,0.2597966023974219,0.09259120255491232,OBLIGATION_MANAGEMENT
854,2026-09-01,OBLIGATION_MANAGEMENT,-0.25631992974059525,0.25631992974059525,0.4774694088304771,0.22114947908988186,OBLIGATION_MANAGEMENT
856,2026-09-01,OBLIGATION_MANAGEMENT,-0.3852588159960073,0.3852588159960073,0.5245590535981026,0.13930023760209528,OBLIGATION_MANAGEMENT
869,2026-09-01,OBLIGATION_MANAGEMENT,-0.20520045950661195,0.20520045950661195,0.3464481919180692,0.14124773241145724,OBLIGATION_MANAGEMENT
873,2026-09-01,OBLIGATION_MANAGEMENT,-0.07763581163584901,0.07763581163584901,0.28224153256435064,0.20460572092850163,OBLIGATION_MANAGEMENT
879,2026-09-01,OBLIGATION_MANAGEMENT,-0.11854695410008523,0.11854695410008523,0.21016423161489603,0.0916172775148108,OBLIGATION_MANAGEMENT
887,2026-09-01,OBLIGATION_MANAGEMENT,-0.09428794639340976,0.09428794639340976,0.3338592843691596,0.23957133797574987,OBLIGATION_MANAGEMENT
901,2026-09-01,OBLIGATION_MANAGEMENT,-0.09979900150182519,0.09979900150182519,0.29595679167744254,0.19615779017561735,OBLIGATION_MANAGEMENT
905,2026-09-01,OBLIGATION_MANAGEMENT,-0.1460209312877723,0.1460209312877723,0.3209671555428203,0.174946224255048,OBLIGATION_MANAGEMENT
939,2026-09-01,OBLIGATION_MANAGEMENT,-0.17043898229273519,0.17043898229273519,0.3556649132056109,0.1852259309128757,OBLIGATION_MANAGEMENT
946,2026-09-01,OBLIGATION_MANAGEMENT,-0.3738420352793038,0.3738420352793038,0.5338003839052222,0.15995834862591837,OBLIGATION_MANAGEMENT
955,2026-09-01,OBLIGATION_MANAGEMENT,-0.17347805089527127,0.17347805089527127,0.3551127651615898,0.18163471426631853,OBLIGATION_MANAGEMENT
956,2026-09-01,OBLIGATION_MANAGEMENT,-0.09645678500945401,0.09645678500945401,0.3025196726102926,0.2060628876008386,OBLIGATION_MANAGEMENT
971,2026-09-01,OBLIGATION_MANAGEMENT,-0.22334008000490368,0.22334008000490368,0.3787096565641088,0.15536957655920514,OBLIGATION_MANAGEMENT
975,2026-09-01,OBLIGATION_MANAGEMENT,-0.15304301186171057,0.15304301186171057,0.390282011825169,0.2372389999634584,OBLIGATION_MANAGEMENT
986,2026-09-01,OBLIGATION_MANAGEMENT,-0.30061063694859813,0.30061063694859813,0.3844090685489748,0.08379843160037666,OBLIGATION_MANAGEMENT
989,2026-09-01,OBLIGATION_MANAGEMENT,0.0004336365388996344,-0.0004336365388996344,0.2452924479631139,0.24572608450201353,NO_SIMULATED_BENEFIT
7,2026-09-01,SPENDING_CONTROL,-0.036260412726805025,0.036260412726805025,0.28966886478418463,0.2534084520573796,SPENDING_CONTROL
12,2026-09-01,SPENDING_CONTROL,-0.03566222912800479,0.03566222912800479,0.22621143642095484,0.19054920729295005,SPENDING_CONTROL
14,2026-09-01,SPENDING_CONTROL,0.0006824602398992352,-0.0006824602398992352,0.1077974533757646,0.10847991361566384,NO_SIMULATED_BENEFIT
25,2026-09-01,SPENDING_CONTROL,0.030259548429624944,-0.030259548429624944,0.1213329117210549,0.15159246015067984,NO_SIMULATED_BENEFIT
27,2026-09-01,SPENDING_CONTROL,0.12127245932733663,-0.12127245932733663,0.12630229453335212,0.24757475386068875,NO_SIMULATED_BENEFIT
28,2026-09-01,SPENDING_CONTROL,0.15243259968960704,-0.15243259968960704,0.1827949110230268,0.33522751071263385,NO_SIMULATED_BENEFIT
39,2026-09-01,SPENDING_CONTROL,0.02898517883788665,-0.02898517883788665,0.09803222669624523,0.12701740553413188,NO_SIMULATED_BENEFIT
43,2026-09-01,SPENDING_CONTROL,0.07788874146534658,-0.07788874146534658,0.09989255626259058,0.17778129772793716,NO_SIMULATED_BENEFIT
45,2026-09-01,SPENDING_CONTROL,0.15119764439477407,-0.15119764439477407,0.14707672520141074,0.2982743695961848,NO_SIMULATED_BENEFIT
46,2026-09-01,SPENDING_CONTROL,-0.009021908475124088,0.009021908475124088,0.10869206779935524,0.09967015932423115,SPENDING_CONTROL
49,2026-09-01,SPENDING_CONTROL,-0.21495763303646326,0.21495763303646326,0.24929263449019465,0.03433500145373138,SPENDING_CONTROL
52,2026-09-01,SPENDING_CONTROL,0.10759163752125667,-0.10759163752125667,0.24713530482675844,0.3547269423480151,NO_SIMULATED_BENEFIT
63,2026-09-01,SPENDING_CONTROL,-0.1201253989682158,0.1201253989682158,0.18995982173872683,0.06983442277051104,SPENDING_CONTROL
71,2026-09-01,SPENDING_CONTROL,-0.2881010544236245,0.2881010544236245,0.3796903369319456,0.0915892825083211,SPENDING_CONTROL
72,2026-09-01,SPENDING_CONTROL,-0.10484217439994029,0.10484217439994029,0.21437189977433277,0.10952972537439248,SPENDING_CONTROL
74,2026-09-01,SPENDING_CONTROL,-0.0018187483855154896,0.0018187483855154896,0.13967915405374193,0.13786040566822644,SPENDING_CONTROL
108,2026-09-01,SPENDING_CONTROL,-0.12047114758511683,0.12047114758511683,0.1949922636706718,0.07452111608555496,SPENDING_CONTROL
114,2026-09-01,SPENDING_CONTROL,0.05525368931438043,-0.05525368931438043,0.08377393055359175,0.13902761986797219,NO_SIMULATED_BENEFIT
119,2026-09-01,SPENDING_CONTROL,-0.17923917762434707,0.17923917762434707,0.29202906356462144,0.11278988594027436,SPENDING_CONTROL
134,2026-09-01,SPENDING_CONTROL,-0.15310395350876352,0.15310395350876352,0.30434301847165374,0.15123906496289022,SPENDING_CONTROL
148,2026-09-01,SPENDING_CONTROL,-0.27670604419637035,0.27670604419637035,0.4354525999381259,0.15874655574175556,SPENDING_CONTROL
151,2026-09-01,SPENDING_CONTROL,-0.060895866200142645,0.060895866200142645,0.17498179504871786,0.11408592884857521,SPENDING_CONTROL
153,2026-09-01,SPENDING_CONTROL,-0.12778911123986628,0.12778911123986628,0.32086121245050836,0.19307210121064208,SPENDING_CONTROL
160,2026-09-01,SPENDING_CONTROL,-0.16868691774522154,0.16868691774522154,0.20538984569962004,0.036702927954398515,SPENDING_CONTROL
164,2026-09-01,SPENDING_CONTROL,0.03175806428126232,-0.03175806428126232,0.24837762343201197,0.2801356877132743,NO_SIMULATED_BENEFIT
165,2026-09-01,SPENDING_CONTROL,0.00014553497483865696,-0.00014553497483865696,0.40603116007805745,0.4061766950528961,NO_SIMULATED_BENEFIT
172,2026-09-01,SPENDING_CONTROL,-0.03960892222652475,0.03960892222652475,0.1285404818107724,0.08893155958424766,SPENDING_CONTROL
174,2026-09-01,SPENDING_CONTROL,0.15441375525881695,-0.15441375525881695,0.1969458447240477,0.35135959998286465,NO_SIMULATED_BENEFIT
179,2026-09-01,SPENDING_CONTROL,-0.11952460830196344,0.11952460830196344,0.23695101807926336,0.11742640977729991,SPENDING_CONTROL
192,2026-09-01,SPENDING_CONTROL,0.044123520167998545,-0.044123520167998545,0.081241755929242,0.12536527609724055,NO_SIMULATED_BENEFIT
199,2026-09-01,SPENDING_CONTROL,-0.08678095098653177,0.08678095098653177,0.18762021928032185,0.10083926829379009,SPENDING_CONTROL
202,2026-09-01,SPENDING_CONTROL,-0.12705452086228214,0.12705452086228214,0.26230201220990645,0.13524749134762432,SPENDING_CONTROL
206,2026-09-01,SPENDING_CONTROL,-0.10581125680687117,0.10581125680687117,0.27131894970534315,0.16550769289847198,SPENDING_CONTROL
209,2026-09-01,SPENDING_CONTROL,0.22368443089569212,-0.22368443089569212,0.20949718997982764,0.43318162087551976,NO_SIMULATED_BENEFIT
212,2026-09-01,SPENDING_CONTROL,-0.25336414397089113,0.25336414397089113,0.3616431617977105,0.10827901782681934,SPENDING_CONTROL
222,2026-09-01,SPENDING_CONTROL,-0.037560212172471186,0.037560212172471186,0.3139487518969299,0.2763885397244587,SPENDING_CONTROL
232,2026-09-01,SPENDING_CONTROL,-0.1340869908106686,0.1340869908106686,0.33605025265942917,0.20196326184876057,SPENDING_CONTROL
240,2026-09-01,SPENDING_CONTROL,0.04394909802383995,-0.04394909802383995,0.3393050418933479,0.3832541399171879,NO_SIMULATED_BENEFIT
241,2026-09-01,SPENDING_CONTROL,0.009706613289146085,-0.009706613289146085,0.10548150252488851,0.1151881158140346,NO_SIMULATED_BENEFIT
242,2026-09-01,SPENDING_CONTROL,-0.1898096948162427,0.1898096948162427,0.2957470600158861,0.10593736519964338,SPENDING_CONTROL
245,2026-09-01,SPENDING_CONTROL,-0.2035531371648308,0.2035531371648308,0.23953588506677861,0.03598274790194782,SPENDING_CONTROL
250,2026-09-01,SPENDING_CONTROL,-0.24211861464374962,0.24211861464374962,0.3549453409605621,0.11282672631681244,SPENDING_CONTROL
252,2026-09-01,SPENDING_CONTROL,-0.10249690633331099,0.10249690633331099,0.24724539520033523,0.14474848886702424,SPENDING_CONTROL
255,2026-09-01,SPENDING_CONTROL,0.12470904009353909,-0.12470904009353909,0.14628154437632326,0.27099058446986235,NO_SIMULATED_BENEFIT
261,2026-09-01,SPENDING_CONTROL,0.003038942915170789,-0.003038942915170789,0.12070855904648525,0.12374750196165604,NO_SIMULATED_BENEFIT
264,2026-09-01,SPENDING_CONTROL,0.1621629992015755,-0.1621629992015755,0.10879647590456692,0.27095947510614243,NO_SIMULATED_BENEFIT
273,2026-09-01,SPENDING_CONTROL,0.21679586152446023,-0.21679586152446023,0.23374672673789504,0.45054258826235527,NO_SIMULATED_BENEFIT
275,2026-09-01,SPENDING_CONTROL,0.11749317257772121,-0.11749317257772121,0.18486908726417303,0.30236225984189424,NO_SIMULATED_BENEFIT
276,2026-09-01,SPENDING_CONTROL,-0.006063000528857554,0.006063000528857554,0.37818973766871433,0.3721267371398568,SPENDING_CONTROL
284,2026-09-01,SPENDING_CONTROL,-0.036387251747082044,0.036387251747082044,0.17130617823323938,0.13491892648615733,SPENDING_CONTROL
285,2026-09-01,SPENDING_CONTROL,-0.045018890249567976,0.045018890249567976,0.09481552558989355,0.04979663534032557,SPENDING_CONTROL
286,2026-09-01,SPENDING_CONTROL,0.021027356959738563,-0.021027356959738563,0.18199678678988426,0.20302414374962283,NO_SIMULATED_BENEFIT
296,2026-09-01,SPENDING_CONTROL,-0.1377755459076253,0.1377755459076253,0.20162774746797396,0.06385220156034865,SPENDING_CONTROL
320,2026-09-01,SPENDING_CONTROL,0.03074400769046491,-0.03074400769046491,0.06164361879545878,0.09238762648592369,NO_SIMULATED_BENEFIT
330,2026-09-01,SPENDING_CONTROL,-0.026577068273459764,0.026577068273459764,0.12985715027094866,0.10328008199748889,SPENDING_CONTROL
331,2026-09-01,SPENDING_CONTROL,0.04329179124950855,-0.04329179124950855,0.14383390304681473,0.18712569429632328,NO_SIMULATED_BENEFIT
333,2026-09-01,SPENDING_CONTROL,0.1947275102282451,-0.1947275102282451,0.13473956630212794,0.32946707653037305,NO_SIMULATED_BENEFIT
359,2026-09-01,SPENDING_CONTROL,0.05724155013899189,-0.05724155013899189,0.06525891112022589,0.12250046125921778,NO_SIMULATED_BENEFIT
360,2026-09-01,SPENDING_CONTROL,0.0067099722821633845,-0.0067099722821633845,0.1488475738742784,0.1555575461564418,NO_SIMULATED_BENEFIT
364,2026-09-01,SPENDING_CONTROL,0.12005704750019687,-0.12005704750019687,0.1166625918672126,0.23671963936740947,NO_SIMULATED_BENEFIT
373,2026-09-01,SPENDING_CONTROL,-0.14621679395972434,0.14621679395972434,0.26462985828074126,0.11841306432101692,SPENDING_CONTROL
375,2026-09-01,SPENDING_CONTROL,-0.12122812922884954,0.12122812922884954,0.2952040960183612,0.17397596678951163,SPENDING_CONTROL
380,2026-09-01,SPENDING_CONTROL,-0.06005882079684416,0.06005882079684416,0.24728224479032582,0.18722342399348166,SPENDING_CONTROL
383,2026-09-01,SPENDING_CONTROL,0.04278573132659326,-0.04278573132659326,0.07760328240780275,0.120389013734396,NO_SIMULATED_BENEFIT
384,2026-09-01,SPENDING_CONTROL,-0.15067272940880655,0.15067272940880655,0.3115461252965829,0.16087339588777633,SPENDING_CONTROL
389,2026-09-01,SPENDING_CONTROL,-0.008690797406443934,0.008690797406443934,0.2085327657232029,0.19984196831675896,SPENDING_CONTROL
394,2026-09-01,SPENDING_CONTROL,0.12104024572568187,-0.12104024572568187,0.24356384251173283,0.3646040882374147,NO_SIMULATED_BENEFIT
396,2026-09-01,SPENDING_CONTROL,-0.039807836218493015,0.039807836218493015,0.28269698682101035,0.24288915060251734,SPENDING_CONTROL
402,2026-09-01,SPENDING_CONTROL,-0.1300127926303682,0.1300127926303682,0.17663157147188074,0.046618778841512554,SPENDING_CONTROL
405,2026-09-01,SPENDING_CONTROL,0.03136707844036585,-0.03136707844036585,0.15791938051324414,0.18928645895361,NO_SIMULATED_BENEFIT
406,2026-09-01,SPENDING_CONTROL,-0.08684256157438056,0.08684256157438056,0.3291445497809473,0.24230198820656676,SPENDING_CONTROL
409,2026-09-01,SPENDING_CONTROL,0.15432989143518527,-0.15432989143518527,0.2897655255558788,0.4440954169910641,NO_SIMULATED_BENEFIT
417,2026-09-01,SPENDING_CONTROL,-0.13702805308838303,0.13702805308838303,0.28258443552681695,0.1455563824384339,SPENDING_CONTROL
446,2026-09-01,SPENDING_CONTROL,0.028011029547190702,-0.028011029547190702,0.28002668071265774,0.30803771025984844,NO_SIMULATED_BENEFIT
451,2026-09-01,SPENDING_CONTROL,-0.16731014227687988,0.16731014227687988,0.27854480796659875,0.11123466568971888,SPENDING_CONTROL
457,2026-09-01,SPENDING_CONTROL,0.021915832148994827,-0.021915832148994827,0.06887821573540531,0.09079404788440014,NO_SIMULATED_BENEFIT
458,2026-09-01,SPENDING_CONTROL,-0.03956215726282908,0.03956215726282908,0.23766720439468988,0.1981050471318608,SPENDING_CONTROL
459,2026-09-01,SPENDING_CONTROL,0.16132737823347373,-0.16132737823347373,0.07868614723317924,0.24001352546665297,NO_SIMULATED_BENEFIT
488,2026-09-01,SPENDING_CONTROL,-0.1838575836093582,0.1838575836093582,0.3293407629216077,0.1454831793122495,SPENDING_CONTROL
490,2026-09-01,SPENDING_CONTROL,0.09025437922984964,-0.09025437922984964,0.2890684306081753,0.3793228098380249,NO_SIMULATED_BENEFIT
492,2026-09-01,SPENDING_CONTROL,3.378954883115348e-07,-3.378954883115348e-07,0.4243260229867223,0.4243263608822106,NO_SIMULATED_BENEFIT
493,2026-09-01,SPENDING_CONTROL,0.14425634501539,-0.14425634501539,0.23861499656862936,0.38287134158401936,NO_SIMULATED_BENEFIT
501,2026-09-01,SPENDING_CONTROL,0.11725364200188727,-0.11725364200188727,0.060695794934857536,0.1779494369367448,NO_SIMULATED_BENEFIT
503,2026-09-01,SPENDING_CONTROL,0.1329936565463169,-0.1329936565463169,0.10657336537927853,0.23956702192559542,NO_SIMULATED_BENEFIT
509,2026-09-01,SPENDING_CONTROL,-0.027968701881631253,0.027968701881631253,0.28108425165152645,0.2531155497698952,SPENDING_CONTROL
510,2026-09-01,SPENDING_CONTROL,-0.09064905199139106,0.09064905199139106,0.2468695729404884,0.15622052094909733,SPENDING_CONTROL
525,2026-09-01,SPENDING_CONTROL,-0.06969832291513876,0.06969832291513876,0.14109276166154716,0.0713944387464084,SPENDING_CONTROL
531,2026-09-01,SPENDING_CONTROL,0.04691834498903524,-0.04691834498903524,0.1503754602711708,0.19729380526020604,NO_SIMULATED_BENEFIT
541,2026-09-01,SPENDING_CONTROL,-0.10312831118348165,0.10312831118348165,0.1527696434935042,0.04964133231002254,SPENDING_CONTROL
547,2026-09-01,SPENDING_CONTROL,-0.07539335079382019,0.07539335079382019,0.13010145710921547,0.054708106315395286,SPENDING_CONTROL
563,2026-09-01,SPENDING_CONTROL,-0.07100173045689706,0.07100173045689706,0.19496455227810866,0.1239628218212116,SPENDING_CONTROL
565,2026-09-01,SPENDING_CONTROL,-0.03157030499273142,0.03157030499273142,0.15394346931494263,0.12237316432221121,SPENDING_CONTROL
571,2026-09-01,SPENDING_CONTROL,0.13606343812332455,-0.13606343812332455,0.13697450215197776,0.2730379402753023,NO_SIMULATED_BENEFIT
585,2026-09-01,SPENDING_CONTROL,-0.172617929092322,0.172617929092322,0.19081097150742324,0.018193042415101238,SPENDING_CONTROL
613,2026-09-01,SPENDING_CONTROL,-0.0637956256787397,0.0637956256787397,0.11203459006247354,0.04823896438373385,SPENDING_CONTROL
636,2026-09-01,SPENDING_CONTROL,-0.07958941981368409,0.07958941981368409,0.1309394663820914,0.0513500465684073,SPENDING_CONTROL
646,2026-09-01,SPENDING_CONTROL,0.0330653725707688,-0.0330653725707688,0.13487559637794574,0.16794096894871455,NO_SIMULATED_BENEFIT
653,2026-09-01,SPENDING_CONTROL,-0.13755730974083555,0.13755730974083555,0.3452285562301159,0.20767124648928034,SPENDING_CONTROL
656,2026-09-01,SPENDING_CONTROL,0.13903625954973006,-0.13903625954973006,0.07753647346968048,0.21657273301941055,NO_SIMULATED_BENEFIT
659,2026-09-01,SPENDING_CONTROL,-0.015695529670688824,0.015695529670688824,0.2070488062559485,0.19135327658525966,SPENDING_CONTROL
668,2026-09-01,SPENDING_CONTROL,0.05164510754527779,-0.05164510754527779,0.28771481339678395,0.33935992094206174,NO_SIMULATED_BENEFIT
671,2026-09-01,SPENDING_CONTROL,-0.04035693601384366,0.04035693601384366,0.2854327709603136,0.24507583494646995,SPENDING_CONTROL
672,2026-09-01,SPENDING_CONTROL,-0.21103582355478231,0.21103582355478231,0.3480044539248261,0.13696863037004378,SPENDING_CONTROL
673,2026-09-01,SPENDING_CONTROL,-0.17482997689507937,0.17482997689507937,0.27724818875611246,0.10241821186103309,SPENDING_CONTROL
674,2026-09-01,SPENDING_CONTROL,0.03756003789935153,-0.03756003789935153,0.0651161682607827,0.10267620616013423,NO_SIMULATED_BENEFIT
688,2026-09-01,SPENDING_CONTROL,-0.016172639473412114,0.016172639473412114,0.044422894193274685,0.02825025471986257,SPENDING_CONTROL
690,2026-09-01,SPENDING_CONTROL,-0.134559208997874,0.134559208997874,0.22116333111800765,0.08660412212013364,SPENDING_CONTROL
694,2026-09-01,SPENDING_CONTROL,-0.012067956060701907,0.012067956060701907,0.21104858593645234,0.19898062987575044,SPENDING_CONTROL
705,2026-09-01,SPENDING_CONTROL,-0.06680215951563448,0.06680215951563448,0.2026444873935549,0.13584232787792042,SPENDING_CONTROL
706,2026-09-01,SPENDING_CONTROL,-0.03286392133778479,0.03286392133778479,0.05376712341892805,0.020903202081143265,SPENDING_CONTROL
713,2026-09-01,SPENDING_CONTROL,-0.19569059495164984,0.19569059495164984,0.35109227182823816,0.15540167687658832,SPENDING_CONTROL
718,2026-09-01,SPENDING_CONTROL,0.010903874848852718,-0.010903874848852718,0.2448752106116299,0.2557790854604826,NO_SIMULATED_BENEFIT
719,2026-09-01,SPENDING_CONTROL,0.14774293144462053,-0.14774293144462053,0.07036145821030378,0.21810438965492432,NO_SIMULATED_BENEFIT
721,2026-09-01,SPENDING_CONTROL,-0.08805152955044904,0.08805152955044904,0.24023074347184856,0.15217921392139952,SPENDING_CONTROL
723,2026-09-01,SPENDING_CONTROL,0.012628744447738989,-0.012628744447738989,0.04991987694672862,0.06254862139446761,NO_SIMULATED_BENEFIT
726,2026-09-01,SPENDING_CONTROL,-0.005515270573606262,0.005515270573606262,0.09176853060579583,0.08625326003218957,SPENDING_CONTROL
767,2026-09-01,SPENDING_CONTROL,0.04269995706255983,-0.04269995706255983,0.13842467519723226,0.18112463225979208,NO_SIMULATED_BENEFIT
768,2026-09-01,SPENDING_CONTROL,-0.038431345500670164,0.038431345500670164,0.1044998379043713,0.06606849240370113,SPENDING_CONTROL
795,2026-09-01,SPENDING_CONTROL,0.18079449313439047,-0.18079449313439047,0.17803766293900372,0.3588321560733942,NO_SIMULATED_BENEFIT
797,2026-09-01,SPENDING_CONTROL,0.1013427089412541,-0.1013427089412541,0.13780888697838456,0.23915159591963867,NO_SIMULATED_BENEFIT
802,2026-09-01,SPENDING_CONTROL,-0.11984744805892772,0.11984744805892772,0.22519419686889128,0.10534674880996356,SPENDING_CONTROL
809,2026-09-01,SPENDING_CONTROL,0.07039474841008347,-0.07039474841008347,0.04837914003852261,0.11877388844860609,NO_SIMULATED_BENEFIT
813,2026-09-01,SPENDING_CONTROL,-0.030667885775391243,0.030667885775391243,0.12845243872849915,0.09778455295310791,SPENDING_CONTROL
835,2026-09-01,SPENDING_CONTROL,0.13382487550205446,-0.13382487550205446,0.08734352446849107,0.22116839997054555,NO_SIMULATED_BENEFIT
842,2026-09-01,SPENDING_CONTROL,0.23012608214335253,-0.23012608214335253,0.1770073532819156,0.40713343542526814,NO_SIMULATED_BENEFIT
851,2026-09-01,SPENDING_CONTROL,0.07937216510991452,-0.07937216510991452,0.1518412421971381,0.23121340730705262,NO_SIMULATED_BENEFIT
852,2026-09-01,SPENDING_CONTROL,0.1404982692377867,-0.1404982692377867,0.26933422431202864,0.4098324935498153,NO_SIMULATED_BENEFIT
880,2026-09-01,SPENDING_CONTROL,-0.17388363016505703,0.17388363016505703,0.3052602618690569,0.13137663170399988,SPENDING_CONTROL
882,2026-09-01,SPENDING_CONTROL,0.10012751389336416,-0.10012751389336416,0.07660665389272747,0.17673416778609163,NO_SIMULATED_BENEFIT
899,2026-09-01,SPENDING_CONTROL,-0.007863840534276686,0.007863840534276686,0.024824707735339967,0.01696086720106328,SPENDING_CONTROL
904,2026-09-01,SPENDING_CONTROL,-0.1258861311787887,0.1258861311787887,0.27983222892181325,0.15394609774302456,SPENDING_CONTROL
906,2026-09-01,SPENDING_CONTROL,0.016767032349756517,-0.016767032349756517,0.08628093293574213,0.10304796528549864,NO_SIMULATED_BENEFIT
920,2026-09-01,SPENDING_CONTROL,0.027991744431354687,-0.027991744431354687,0.1457619473876937,0.1737536918190484,NO_SIMULATED_BENEFIT
925,2026-09-01,SPENDING_CONTROL,0.07066606211662496,-0.07066606211662496,0.16287935482348476,0.23354541694010972,NO_SIMULATED_BENEFIT
947,2026-09-01,SPENDING_CONTROL,-0.177188067546366,0.177188067546366,0.287005732945992,0.109817665399626,SPENDING_CONTROL
958,2026-09-01,SPENDING_CONTROL,-0.2145934889948987,0.2145934889948987,0.35697719328551436,0.14238370429061567,SPENDING_CONTROL
981,2026-09-01,SPENDING_CONTROL,-0.02543358522164335,0.02543358522164335,0.10257276820396655,0.0771391829823232,SPENDING_CONTROL
988,2026-09-01,SPENDING_CONTROL,0.023617701045754058,-0.023617701045754058,0.152301519699813,0.17591922074556707,NO_SIMULATED_BENEFIT
994,2026-09-01,SPENDING_CONTROL,0.016703075366015452,-0.016703075366015452,0.06525056435059254,0.08195363971660799,NO_SIMULATED_BENEFIT
996,2026-09-01,SPENDING_CONTROL,0.09438112437435112,-0.09438112437435112,0.13214548550026636,0.22652660987461748,NO_SIMULATED_BENEFIT
998,2026-09-01,SPENDING_CONTROL,-0.25329386674162774,0.25329386674162774,0.37086851408711774,0.11757464734549002,SPENDING_CONTROL
