intervention_category,outcome_column,treatment_n,control_n,treatment_outcome_rate,control_outcome_rate,ate,standard_error,ci_lower,ci_upper
LIQUIDITY_PROTECTION,synthetic_cash_buffer_change,41,41,0.09404290208722281,-0.020666149839355736,0.11470905192657854,0.013580713593897165,0.08809134239818658,0.1413267614549705
SPENDING_CONTROL,synthetic_cash_buffer_change,70,71,0.061762662005329705,0.002330473779895713,0.059432188225433995,0.006532155035057724,0.046629399615288884,0.07223497683557911
OBLIGATION_MANAGEMENT,synthetic_cash_buffer_change,38,39,0.07062530135207941,-0.009527949753336581,0.08015325110541599,0.008573397623677004,0.06334970053786779,0.0969568016729642
LIQUIDITY_PROTECTION,synthetic_savings_rate_change,41,41,0.015841215573077376,0.0015388297361788516,0.014302385836898523,0.0035375482614050076,0.007368918650972424,0.021235853022824623
SPENDING_CONTROL,synthetic_savings_rate_change,70,71,0.027295066095716157,-0.0026829327701784417,0.029977998865894598,0.0026465212482355183,0.024790912535032995,0.0351650851967562
OBLIGATION_MANAGEMENT,synthetic_savings_rate_change,38,39,0.02073789049462093,-0.0006210611385484788,0.021358951633169407,0.003226222490589963,0.015035671745499966,0.027682231520838846
LIQUIDITY_PROTECTION,synthetic_discretionary_spending_change,41,41,-0.018434092328733387,0.0031923776761380576,-0.021626470004871445,0.009059865784829544,-0.03938348064790406,-0.0038694593618388284
SPENDING_CONTROL,synthetic_discretionary_spending_change,70,71,-0.0882613038039997,-0.005483437600933835,-0.08277786620306586,0.006329181604250005,-0.09518283419900932,-0.0703728982071224
OBLIGATION_MANAGEMENT,synthetic_discretionary_spending_change,38,39,-0.01246082517926555,-0.002150136091134768,-0.010310689088130782,0.009180817104711088,-0.028304759962013808,0.007683381785752244
